Rank,Player,Team,Position,"FHG Value","Games Played",W,SO,SV%,G,A,+/-,PIM,SOG,PPP,BKS
1,"Tuukka Rask",BOS,G,146,58,36,7,0.93," "," "," "," "," "," "," "
2,"Sidney Crosby",PIT,C,132,79," "," "," ",36,66,17,46,255,37,27
3,"Carey Price",MTL,G,116,59,34,6,0.927," "," "," "," "," "," "," "
4,"Claude Giroux",PHI,C/RW,107,82," "," "," ",28,58,7,46,223,37,46
5,"Ben Bishop",TBL,G,105,64,37,5,0.924," "," "," "," "," "," "," "
6,"Ryan Getzlaf",ANA,C,100,77," "," "," ",31,56,28,31,204,23,87
7,"Erik Karlsson",OTT,D,100,82," "," "," ",20,54,-15,36,257,31,101
8,"Joe Pavelski",SJS,C/LW,98,82," "," "," ",41,38,23,32,225,31,68
9,"Sergei Bobrovsky",CBJ,G,95,58,32,6,0.923," "," "," "," "," "," "," "
10,"Jamie Benn",DAL,LW,95,81," "," "," ",34,45,21,64,279,18,60
11,"Patrick Sharp",CHI,C/LW,94,82," "," "," ",34,44,13,40,313,25,27
12,"Nicklas Backstrom",WSH,C,93,82," "," "," ",18,61,-20,54,196,44,54
13,"Semyon Varlamov",COL,G,93,63,41,2,0.927," "," "," "," "," "," "," "
14,"P.K. Subban",MTL,D,89,82," "," "," ",10,43,-4,81,204,23,125
15,"Shea Weber",NSH,D,88,79," "," "," ",23,33,-2,52,195,23,173
16,"Tyler Seguin",DAL,C/RW,86,80," "," "," ",37,47,16,18,294,24,24
17,"Dustin Byfuglien",WPG,RW/D,86,78," "," "," ",20,36,-20,86,256,26,80
18,"Kari Lehtonen",DAL,G,86,65,33,6,0.919," "," "," "," "," "," "," "
19,"Corey Perry",ANA,RW,85,81," "," "," ",43,39,32,65,280,18,28
20,"Keith Yandle",ARI,D,83,82," "," "," ",8,45,-23,63,241,31,105
21,"Duncan Keith",CHI,D,80,79," "," "," ",6,55,22,28,198,21,89
22,"Marc-Andre Fleury",PIT,G,79,63,38,5,0.915," "," "," "," "," "," "," "
23,"Alex Ovechkin",WSH,RW,77,78," "," "," ",51,28,-35,48,386,39,22
24,"Evgeni Malkin",PIT,C/RW,77,59," "," "," ",23,48,9,62,190,30,17
25,"Dion Phaneuf",TOR,D,75,80," "," "," ",8,23,2,144,145,11,156
26,"Alex Pietrangelo",STL,D,75,81," "," "," ",8,43,20,32,164,18,164
27,"Henrik Lundqvist",NYR,G,73,62,32,5,0.92," "," "," "," "," "," "," "
28,"David Backes",STL,C/RW,73,74," "," "," ",27,30,14,119,165,16,56
29,"Anze Kopitar",LAK,C,72,82," "," "," ",29,41,34,24,200,23,44
30,"Mark Giordano",CGY,D,70,64," "," "," ",14,33,12,63,180,20,103
31,"James Wisniewski",CBJ,D,69,75," "," "," ",7,44,0,61,166,28,73
32,"Chris Kunitz",PIT,LW,68,77," "," "," ",35,32,24,66,215,21,25
33,"David Krejci",BOS,C,68,80," "," "," ",19,50,39,28,169,19,56
34,"Patrice Bergeron",BOS,C,67,80," "," "," ",30,32,38,43,243,11,57
35,"Jaroslav Halak",NYI,G,65,52,29,5,0.921," "," "," "," "," "," "," "
36,"Antti Niemi",SJS,G,63,64,39,4,0.913," "," "," "," "," "," "," "
37,"Andrei Markov",MTL,D,63,81," "," "," ",7,36,12,34,131,21,180
38,"James Neal",NSH,LW/RW,63,59," "," "," ",27,34,15,55,238,26,23
39,"Niklas Kronwall",DET,D,63,79," "," "," ",8,41,0,44,110,25,154
40,"Zdeno Chara",BOS,D,62,77," "," "," ",17,23,25,66,168,15,104
41,"Scott Hartnell",CBJ,LW,62,78," "," "," ",20,32,11,103,207,20,39
42,"Taylor Hall",EDM,C/LW,60,75," "," "," ",27,53,-15,44,250,17,41
43,"Matt Niskanen",WSH,D,59,80," "," "," ",10,36,33,47,160,15,76
44,"Gabriel Landeskog",COL,LW,59,81," "," "," ",26,39,21,71,222,10,52
45,"Patrick Marleau",SJS,C/LW,59,82," "," "," ",33,37,0,18,285,23,29
46,"Kevin Shattenkirk",STL,D,57,81," "," "," ",10,35,1,38,188,24,101
47,"John Carlson",WSH,D,56,82," "," "," ",10,27,-3,22,208,22,177
48,"Victor Hedman",TBL,D,56,75," "," "," ",13,42,5,53,170,12,101
49,"Nathan MacKinnon",COL,C/RW,56,82," "," "," ",24,39,20,26,241,17,45
50,"Steve Mason",PHI,G,54,61,33,4,0.917," "," "," "," "," "," "," "
51,"Drew Doughty",LAK,D,54,78," "," "," ",10,27,17,64,177,16,91
52,"Wayne Simmonds",PHI,RW,54,82," "," "," ",29,31,-4,106,209,24,35
53,"Patrick Kane",CHI,C/RW,54,69," "," "," ",29,40,7,22,227,25,15
54,"Blake Wheeler",WPG,RW,53,82," "," "," ",28,41,4,63,225,19,68
55,"Joe Thornton",SJS,C,53,82," "," "," ",11,65,20,32,122,19,34
56,"Ryan Suter",MIN,D,52,82," "," "," ",8,35,15,34,150,17,132
57,"Oliver Ekman-Larsson",ARI,D,52,80," "," "," ",15,29,-4,50,199,22,80
58,"Ryan Johansen",CBJ,C/RW,51,82," "," "," ",33,30,3,43,237,19,39
59,"Milan Lucic",BOS,LW,51,80," "," "," ",24,35,30,91,153,12,22
60,"Alexander Steen",STL,C/LW,51,68," "," "," ",33,29,17,46,211,17,28
61,"Jonathan Toews",CHI,C,51,76," "," "," ",28,40,26,34,193,15,20
62,"Phil Kessel",TOR,RW,50,82," "," "," ",37,43,-5,27,305,20,30
63,"Jonathan Quick",LAK,G,50,49,27,6,0.915," "," "," "," "," "," "," "
64,"Erik Johnson",COL,D,50,80," "," "," ",9,30,5,61,157,14,130
65,"Radko Gudas",TBL,D,49,73," "," "," ",3,19,2,152,114,4,138
66,"Matt Duchene",COL,C/LW,48,71," "," "," ",23,47,8,19,217,17,44
67,"Brent Burns",SJS,RW/D,48,69," "," "," ",22,26,26,34,245,11,24
68,"Ryan McDonagh",NYR,D,46,76," "," "," ",13,29,10,36,173,13,131
69,"Bryan Little",WPG,C/RW,45,82," "," "," ",23,41,8,58,170,15,38
70,"Alex Goligoski",DAL,D,45,81," "," "," ",6,36,9,28,141,15,154
71,"Kyle Turris",OTT,C,45,82," "," "," ",26,32,22,39,215,14,33
72,"Torey Krug",BOS,D,44,79," "," "," ",14,26,18,28,183,19,77
73,"Cam Talbot",NYR,G,43,22,12,3,0.941," "," "," "," "," "," "," "
74,"Brandon Dubinsky",CBJ,C/LW,43,76," "," "," ",16,34,5,98,189,10,39
75,"Thomas Vanek",MIN,LW/RW,42,78," "," "," ",27,41,7,46,248,12,17
76,"Max Pacioretty",MTL,LW,42,73," "," "," ",39,21,8,35,270,17,33
77,"Logan Couture",SJS,C/LW,42,65," "," "," ",23,31,21,20,233,13,68
78,"T.J. Oshie",STL,C/RW,42,79," "," "," ",21,39,19,42,152,15,54
79,"Zach Parise",MIN,LW,41,67," "," "," ",29,27,10,30,245,20,45
80,"Brent Seabrook",CHI,D,41,82," "," "," ",7,34,23,22,149,9,142
81,"Eric Staal",CAR,C,40,77," "," "," ",20,40,-10,74,224,12,27
82,"John Tavares",NYI,C,40,59," "," "," ",24,42,-6,40,188,22,19
83,"Josh Harding",MIN,G,39,30,18,3,0.933," "," "," "," "," "," "," "
84,"Jason Garrison",TBL,D,39,81," "," "," ",7,26,-5,57,181,14,128
85,"Ryan Kesler",ANA,C/RW,38,77," "," "," ",25,18,-15,81,239,16,68
86,"James van Riemsdyk",TOR,LW,38,80," "," "," ",30,31,-9,50,279,15,29
87,"Jason Spezza",DAL,C,37,75," "," "," ",23,43,-26,46,223,22,26
88,"Kevin Bieksa",VAN,D,37,76," "," "," ",4,20,-8,104,167,8,130
89,"Jarome Iginla",COL,RW,37,78," "," "," ",30,31,34,47,209,14,27
90,"Jaromir Jagr",NJD,RW,37,82," "," "," ",24,43,16,46,231,17,9
91,"Kimmo Timonen",PHI,D,36,77," "," "," ",6,29,5,32,152,20,112
92,"Marek Zidlicky",NJD,D,36,81," "," "," ",12,30,-3,60,128,18,81
93,"Mark Streit",PHI,D,36,82," "," "," ",10,34,3,44,121,15,108
94,"Jeff Carter",LAK,C/RW,36,72," "," "," ",27,23,8,44,256,14,29
95,"Mike Green",WSH,D,35,70," "," "," ",9,29,-16,64,172,15,107
96,"Clarke MacArthur",OTT,LW,34,79," "," "," ",24,31,12,78,159,15,20
97,"Jack Johnson",CBJ,D,33,82," "," "," ",5,28,-7,48,147,18,128
98,"Jay Bouwmeester",STL,D,33,82," "," "," ",4,33,26,20,152,11,106
99,"Martin Jones",LAK,G,32,20,12,4,0.934," "," "," "," "," "," "," "
100,"Antoine Roussel",DAL,LW,32,81," "," "," ",14,15,-1,209,113,0,49
101,"Jonas Hiller",CGY,G,32,51,29,5,0.911," "," "," "," "," "," "," "
102,"Andrej Sekera",CAR,D,31,72," "," "," ",11,31,4,20,141,15,126
103,"Roberto Luongo",FLA,G,31,56,25,4,0.919," "," "," "," "," "," "," "
104,"Ondrej Palat",TBL,LW,31,81," "," "," ",23,36,32,20,165,11,64
105,"David Perron",EDM,LW/RW,31,78," "," "," ",28,29,-16,90,220,13,20
106,"Derek Stepan",NYR,C,30,81," "," "," ",16,39,11,18,197,17,46
107,"Roman Josi",NSH,D,30,72," "," "," ",13,27,-2,18,168,12,150
108,"Ryan O'Reilly",COL,C/LW,30,80," "," "," ",28,36,-1,2,201,21,43
109,"Jakub Voracek",PHI,RW,29,82," "," "," ",23,39,11,22,235,23,20
110,"Nick Bonino",VAN,C,29,77," "," "," ",22,27,14,22,159,20,68
111,"Andrew Ladd",WPG,LW,27,78," "," "," ",23,31,8,57,189,12,42
112,"Corey Crawford",CHI,G,26,59,32,2,0.917," "," "," "," "," "," "," "
113,"Marian Hossa",CHI,RW,24,72," "," "," ",30,30,28,20,241,13,26
114,"Mike Fisher",NSH,C,24,75," "," "," ",20,29,-4,60,177,10,73
115,"Johnny Boychuk",BOS,D,24,75," "," "," ",5,18,31,45,142,0,151
116,"Brad Richards",CHI,C/LW,24,81," "," "," ",20,30,-8,18,258,18,42
117,"Jonathan Bernier",TOR,G,24,56,26,2,0.923," "," "," "," "," "," "," "
118,"Jaden Schwartz",STL,LW,24,80," "," "," ",25,31,28,27,188,10,32
119,"Paul Stastny",STL,C,23,71," "," "," ",25,35,9,22,150,15,46
120,"Mats Zuccarello",NYR,LW,23,76," "," "," ",19,39,10,30,167,16,40
121,"Jussi Jokinen",FLA,C/LW,23,80," "," "," ",18,36,11,18,167,19,30
122,"Marc-Edouard Vlasic",SJS,D,22,81," "," "," ",5,19,31,38,138,1,150
123,"Andy Greene",NJD,D,22,82," "," "," ",8,24,3,32,134,13,129
124,"Cam Fowler",ANA,D,21,70," "," "," ",6,30,15,14,100,15,122
125,"Nazem Kadri",TOR,C,21,78," "," "," ",20,30,-11,67,148,18,34
126,"Dan Boyle",NYR,D,21,75," "," "," ",12,24,-8,32,154,18,92
127,"Andrew MacDonald",PHI,D,21,82," "," "," ",4,24,-22,50,92,9,242
128,"Brad Marchand",BOS,LW,21,82," "," "," ",25,28,36,64,149,2,23
129,"Tobias Enstrom",WPG,D,20,82," "," "," ",10,20,-9,56,106,13,142
130,"Kyle Okposo",NYI,RW,19,71," "," "," ",27,42,-9,51,195,14,35
131,"Slava Voynov",LAK,D,19,82," "," "," ",4,30,6,44,143,12,69
132,"Craig Smith",NSH,C/RW,19,79," "," "," ",24,28,16,22,215,10,21
133,"Matthew Carle",TBL,D,18,82," "," "," ",2,29,11,28,115,6,161
134,"Ryan Nugent-Hopkins",EDM,C,18,80," "," "," ",19,37,-12,26,178,20,35
135,"Daniel Sedin",VAN,LW,17,73," "," "," ",16,31,0,38,224,18,21
136,"Matt Moulson",NYI,LW,16,75," "," "," ",23,28,2,34,176,18,43
137,"Tomas Plekanec",MTL,C,15,81," "," "," ",20,23,11,38,199,10,45
138,"Troy Brouwer",WSH,RW,15,82," "," "," ",25,18,-6,92,161,21,39
139,"Antoine Vermette",ARI,C/LW,15,82," "," "," ",24,21,0,44,160,13,71
140,"Brian Elliott",STL,G,15,32,18,4,0.922," "," "," "," "," "," "," "
141,"Jason Demers",SJS,D,15,75," "," "," ",5,29,14,30,105,9,107
142,"Mikko Koivu",MIN,C,14,65," "," "," ",11,43,0,24,147,18,32
143,"Tyler Johnson",TBL,C,14,82," "," "," ",24,26,23,26,181,6,37
144,"Valtteri Filppula",TBL,C/LW,14,75," "," "," ",25,33,5,20,131,17,33
145,"Mark Stuart",WPG,D,14,69," "," "," ",2,11,11,101,73,0,160
146,"Jeff Skinner",CAR,LW/RW,14,69," "," "," ",32,21,-13,22,267,20,8
147,"Jake Muzzin",LAK,D,14,76," "," "," ",5,19,8,58,175,5,82
148,"Henrik Zetterberg",DET,C/LW,13,45," "," "," ",16,32,19,20,151,17,15
149,"Mike Smith",ARI,G,13,62,27,3,0.915," "," "," "," "," "," "," "
150,"David Legwand",OTT,C,13,83," "," "," ",14,37,-17,61,146,15,38
151,"Martin Hanzal",ARI,C,12,65," "," "," ",15,25,-9,73,169,13,37
152,"Brenden Dillon",DAL,D,12,80," "," "," ",6,11,9,86,97,0,149
153,"Kris Russell",CGY,D,12,68," "," "," ",7,22,-11,15,109,12,201
154,"Derick Brassard",NYR,C,11,80," "," "," ",18,27,1,46,158,17,18
155,"Andrew Shaw",CHI,C,11,80," "," "," ",20,19,12,76,149,9,16
156,"Patric Hornqvist",PIT,RW,11,76," "," "," ",22,31,1,28,248,16,34
157,"Francois Beauchemin",ANA,D,11,70," "," "," ",4,13,26,39,100,2,171
158,"Radim Vrbata",VAN,RW,10,80," "," "," ",20,31,-6,22,263,21,27
159,"Alex Killorn",TBL,C/LW,10,82," "," "," ",17,24,8,63,173,7,31
160,"Jason Pominville",MIN,RW,10,82," "," "," ",30,30,3,16,226,17,31
161,"Carl Soderberg",BOS,C/LW,10,73," "," "," ",16,32,4,36,129,16,36
162,"Frans Nielsen",NYI,C,9,80," "," "," ",25,33,-11,8,167,18,47
163,"Barret Jackman",STL,D,9,79," "," "," ",3,12,11,97,83,0,130
164,"Jordan Eberle",EDM,RW,9,80," "," "," ",28,37,-11,18,200,20,40
165,"Travis Hamonic",NYI,D,8,69," "," "," ",3,15,2,68,134,3,132
166,"Travis Zajac",NJD,C,8,80," "," "," ",18,30,3,28,165,15,25
167,"Henrik Sedin",VAN,C,8,70," "," "," ",11,39,3,42,97,18,19
168,"Bobby Ryan",OTT,LW/RW,8,70," "," "," ",23,25,7,45,190,9,30
169,"Ben Scrivens",EDM,G,7,41,16,4,0.922," "," "," "," "," "," "," "
170,"Evander Kane",WPG,LW,7,63," "," "," ",19,22,-7,66,250,5,36
171,"Jacob Trouba",WPG,D,7,65," "," "," ",10,19,4,43,121,3,132
172,"Hampus Lindholm",ANA,D,7,78," "," "," ",6,24,29,36,116,4,61
173,"Cody Franson",TOR,D,7,79," "," "," ",5,28,-20,30,115,18,111
174,"Brian Campbell",FLA,D,7,82," "," "," ",7,30,-6,20,116,12,108
175,"Christian Ehrhoff",PIT,D,6,79," "," "," ",6,27,-27,38,161,11,119
176,"Tyler Ennis",BUF,C/LW,6,80," "," "," ",21,22,-25,42,210,16,53
177,"Brayden Schenn",PHI,C/LW,6,82," "," "," ",20,21,0,54,178,9,37
178,"Olli Jokinen",NSH,C,6,82," "," "," ",18,25,-8,62,171,8,45
179,"David Desharnais",MTL,C,5,79," "," "," ",16,36,11,24,96,15,35
180,"Mikael Backlund",CGY,C,5,76," "," "," ",18,21,4,32,178,11,62
181,"Tyson Barrie",COL,D,5,64," "," "," ",13,25,17,20,101,10,57
182,"Craig Anderson",OTT,G,5,53,25,4,0.911," "," "," "," "," "," "," "
183,"Chris Kreider",NYR,LW,4,65," "," "," ",17,20,15,70,135,12,18
184,"Ben Lovejoy",ANA,D,4,78," "," "," ",5,13,21,39,107,1,150
185,"Dan Hamhuis",VAN,D,4,79," "," "," ",5,17,13,26,150,3,130
186,"Brendan Gallagher",MTL,RW,3,81," "," "," ",19,22,4,73,211,9,36
187,"Nick Foligno",CBJ,LW,3,70," "," "," ",18,21,5,96,111,6,42
188,"Justin Faulk",CAR,D,3,75," "," "," ",5,26,-11,37,147,8,101
189,"Alexander Semin",CAR,LW/RW,3,63," "," "," ",22,19,2,42,207,12,29
190,"Niklas Hjalmarsson",CHI,D,2,81," "," "," ",4,22,11,34,98,0,157
191,"Patrik Elias",NJD,C/LW,2,65," "," "," ",18,35,-4,30,116,17,19
192,"Alex Stalock",SJS,G,1,25,12,2,0.932," "," "," "," "," "," "," "
193,"Rick Nash",NYR,LW/RW,1,64," "," "," ",25,12,9,36,253,7,29
194,"Shane Doan",ARI,LW/RW,1,69," "," "," ",23,24,-7,34,167,19,22
195,"Andre Benoit",BUF,D,1,79," "," "," ",7,21,2,26,113,8,119
196,"Johan Franzen",DET,LW/RW,0,54," "," "," ",16,25,6,40,149,17,23
197,"Justin Williams",LAK,RW,0,82," "," "," ",19,24,14,48,239,7,21
198,"TJ Brodie",CGY,D,-0,81," "," "," ",4,27,0,20,104,7,130
199,"Alexander Edler",VAN,D,-1,63," "," "," ",7,15,-39,50,178,12,136
200,"Fedor Tyutin",CBJ,D,-1,69," "," "," ",4,22,6,44,87,9,89
201,"Martin St. Louis",NYR,RW,-1,80," "," "," ",30,38,13,10,199,3,38
202,"Dougie Hamilton",BOS,D,-1,64," "," "," ",7,18,22,40,114,6,53
203,"Jake Gardiner",TOR,D,-1,80," "," "," ",10,21,-3,19,136,11,87
204,"Braden Holtby",WSH,G,-2,48,23,3,0.915," "," "," "," "," "," "," "
205,"Ryan Ellis",NSH,D,-3,80," "," "," ",6,21,9,24,123,6,97
206,"Chad Johnson",NYI,G,-3,28,17,2,0.925," "," "," "," "," "," "," "
207,"Vladimir Sobotka",STL,C,-3,61," "," "," ",9,24,14,72,102,7,28
208,"Mike Ribeiro",NSH,C,-5,80," "," "," ",16,31,-13,52,110,15,18
209,"Dan Girardi",NYR,D,-5,80," "," "," ",5,18,6,16,97,3,172
210,"Brandon Saad",CHI,LW/RW,-5,78," "," "," ",19,28,20,20,159,8,20
211,"Matt Irwin",SJS,D,-5,62," "," "," ",2,17,5,35,147,6,93
212,"Justin Braun",SJS,D,-5,82," "," "," ",4,13,19,20,121,1,146
213,"Jared Spurgeon",MIN,D,-6,67," "," "," ",5,21,15,16,91,7,107
214,"Trevor Daley",DAL,D,-6,67," "," "," ",9,16,10,38,107,3,98
215,"Reilly Smith",BOS,RW,-6,82," "," "," ",20,31,28,14,146,14,14
216,"Joffrey Lupul",TOR,LW/RW,-6,69," "," "," ",22,22,-15,44,191,12,35
217,"Adam Henrique",NJD,C,-6,77," "," "," ",25,18,3,20,137,12,50
218,"Gustav Nyquist",DET,C/RW,-7,57," "," "," ",28,20,16,10,153,9,14
219,"Bryan Allen",ANA,D,-7,68," "," "," ",0,10,20,75,60,0,118
220,"Mathieu Perreault",WPG,C,-7,69," "," "," ",18,25,13,36,120,9,15
221,"Ryan Garbutt",DAL,RW,-7,75," "," "," ",17,15,10,106,165,0,47
222,"Jordan Staal",CAR,C/LW,-7,80," "," "," ",14,25,2,32,155,10,36
223,"Erik Gudbranson",FLA,D,-7,65," "," "," ",3,6,-7,114,92,1,91
224,"Mikkel Boedker",ARI,LW,-8,82," "," "," ",19,32,-9,20,166,16,16
225,"Kyle Quincey",DET,D,-8,82," "," "," ",4,9,-5,88,106,0,109
226,"Cory Schneider",NJD,G,-8,45,16,3,0.921," "," "," "," "," "," "," "
227,"Anton Khudobin",CAR,G,-8,36,19,1,0.925," "," "," "," "," "," "," "
228,"Willie Mitchell",FLA,D,-8,76," "," "," ",1,11,14,58,73,2,128
229,"Olli Maatta",PIT,D,-9,77," "," "," ",9,18,7,14,118,5,109
230,"Ryan Miller",VAN,G,-9,59,25,1,0.918," "," "," "," "," "," "," "
231,"Sean Couturier",PHI,C,-9,82," "," "," ",13,26,1,45,165,3,40
232,"Danny Dekeyser",DET,D,-9,65," "," "," ",4,19,10,30,84,4,116
233,"Roman Polak",TOR,D,-10,72," "," "," ",4,9,3,71,83,0,131
234,"Chris Neil",OTT,RW,-10,76," "," "," ",8,6,-10,211,99,1,18
235,"Eric Gelinas",NJD,D,-10,60," "," "," ",7,22,-3,22,124,17,20
236,"Carl Gunnarsson",STL,D,-11,80," "," "," ",3,14,12,34,48,1,176
237,"Thomas Hickey",NYI,D,-11,82," "," "," ",4,18,5,34,96,1,132
238,"Mike Cammalleri",CGY,LW,-11,63," "," "," ",26,19,-13,26,191,14,29
239,"Michael Frolik",WPG,C/RW,-11,81," "," "," ",15,27,8,12,189,2,51
240,"Joel Ward",WSH,RW,-11,82," "," "," ",24,25,7,32,133,10,67
241,"Braydon Coburn",PHI,D,-11,82," "," "," ",5,12,-6,63,122,0,115
242,"Frederik Andersen",ANA,G,-11,29,20,1,0.923," "," "," "," "," "," "," "
243,"Nick Leddy",CHI,D,-11,82," "," "," ",7,24,10,10,123,9,45
244,"Mike Richards",LAK,C/LW,-12,82," "," "," ",11,30,-6,28,157,12,21
245,"Jordie Benn",DAL,D,-12,78," "," "," ",3,17,16,30,91,0,122
246,"Benoit Pouliot",EDM,LW,-12,79," "," "," ",15,21,10,56,137,8,17
247,"Dustin Penner",WSH,LW,-12,67," "," "," ",14,21,25,30,119,11,24
248,"Justin Schultz",EDM,D,-12,74," "," "," ",11,22,-22,16,109,12,107
249,"Jiri Hudler",CGY,LW/RW,-12,75," "," "," ",17,37,4,16,109,13,15
250,"Patrick Maroon",ANA,LW,-13,62," "," "," ",11,18,11,101,93,4,16
251,"Eric Brewer",TBL,D,-13,77," "," "," ",4,13,10,59,83,0,99
252,"Zack Smith",OTT,C,-13,82," "," "," ",13,9,-9,111,154,1,28
253,"Matt Cullen",NSH,C,-14,77," "," "," ",10,29,4,32,134,9,22
254,"Nicklas Grossmann",PHI,D,-14,78," "," "," ",1,13,-6,55,71,0,174
255,"Marc Methot",OTT,D,-14,75," "," "," ",6,17,0,28,117,3,110
256,"Jason Chimera",WSH,LW,-14,82," "," "," ",15,27,4,36,167,5,30
257,"Cody Hodgson",BUF,C/RW,-14,72," "," "," ",20,24,-26,20,182,17,22
258,"Alexei Emelin",MTL,D,-14,59," "," "," ",3,14,-1,59,58,3,127
259,"Andrew Cogliano",ANA,C/LW,-14,82," "," "," ",22,20,13,26,158,0,36
260,"Jan Hejda",COL,D,-15,78," "," "," ",6,11,8,40,75,0,144
261,"Mason Raymond",CGY,LW,-15,82," "," "," ",19,26,-6,22,178,11,24
262,"Steven Stamkos",TBL,C,-15,37," "," "," ",25,15,9,18,124,13,16
263,"Michael Stone",ARI,D,-16,70," "," "," ",8,13,-10,38,105,6,114
264,"Dustin Brown",LAK,LW/RW,-16,79," "," "," ",15,12,7,66,195,4,12
265,"Mikael Granlund",MIN,C,-16,63," "," "," ",8,33,-3,22,104,12,46
266,"Derek Roy",NSH,C,-16,75," "," "," ",9,28,-1,30,114,13,30
267,"Matt Carkner",NYI,D,-16,53," "," "," ",0,3,-10,149,50,0,59
268,"Artem Anisimov",CBJ,C/LW,-17,81," "," "," ",22,17,-2,20,162,6,55
269,"Daniel Alfredsson",DET,RW,-18,68," "," "," ",18,31,2,10,151,18,25
270,"Tomas Tatar",DET,LW,-18,73," "," "," ",19,20,12,30,158,6,20
271,"Tom Sestito",VAN,LW,-18,77," "," "," ",5,4,-14,213,31,1,12
272,"Dmitry Kulikov",FLA,D,-18,81," "," "," ",8,11,-26,66,127,5,92
273,"Alec Martinez",LAK,D,-18,61," "," "," ",11,11,17,14,79,8,75
274,"Tyler Bozak",TOR,C,-19,58," "," "," ",19,30,2,14,90,8,42
275,"Cody Eakin",DAL,C,-19,81," "," "," ",16,19,-9,36,161,5,58
276,"Scottie Upshall",FLA,RW,-19,76," "," "," ",15,22,1,73,161,6,25
277,"Brendan Smith",DET,D,-19,71," "," "," ",5,14,-2,68,90,1,69
278,"Tom Gilbert",MTL,D,-19,73," "," "," ",3,25,-5,18,93,6,95
279,"Patrik Berglund",STL,C,-19,78," "," "," ",14,18,10,38,144,4,30
280,"Morgan Rielly",TOR,D,-19,73," "," "," ",2,25,-13,12,96,12,92
281,"Johnny Oduya",CHI,D,-19,77," "," "," ",3,13,11,38,83,0,114
282,"Chris Butler",STL,D,-19,82," "," "," ",2,14,-23,39,83,0,211
283,"Jamie McGinn",COL,LW,-19,79," "," "," ",19,19,-3,30,167,9,35
284,"Boone Jenner",CBJ,C/LW,-20,72," "," "," ",16,13,6,45,127,7,37
285,"Nathan Gerbe",CAR,C/LW,-20,79," "," "," ",15,15,-6,34,213,7,15
286,"Ladislav Smid",CGY,D,-20,73," "," "," ",2,6,-10,78,41,0,168
287,"Karl Alzner",WSH,D,-21,82," "," "," ",2,16,-7,26,95,1,158
288,"Vincent Lecavalier",PHI,C/LW,-21,69," "," "," ",20,17,-16,44,132,13,19
289,"Steve Downie",PIT,LW/RW,-21,62," "," "," ",4,20,1,106,88,5,18
290,"John Mitchell",COL,C,-21,75," "," "," ",11,21,13,36,107,3,51
291,"Jarret Stoll",LAK,C,-21,78," "," "," ",8,19,9,48,109,3,60
292,"Tommy Wingels",SJS,RW,-22,77," "," "," ",16,22,11,35,163,5,58
293,"Kris Versteeg",CHI,LW/RW,-22,81," "," "," ",12,24,0,36,157,8,23
294,"Patrick Wiercioch",OTT,D,-22,53," "," "," ",4,19,-1,20,97,12,48
295,"Chris Higgins",VAN,LW,-23,78," "," "," ",17,22,-14,30,216,3,45
296,"Nick Holden",COL,D,-23,54," "," "," ",10,15,12,22,66,7,57
297,"Sergei Gonchar",DAL,D,-23,76," "," "," ",2,20,-12,20,89,13,81
298,"Marcus Johansson",WSH,C/LW,-23,80," "," "," ",8,36,-21,4,107,21,27
299,"Zach Bogosian",WPG,D,-23,55," "," "," ",3,8,3,48,134,1,75
300,"Jonas Brodin",MIN,D,-23,79," "," "," ",8,11,0,22,74,6,117
301,"Luke Schenn",PHI,D,-23,79," "," "," ",4,8,0,58,78,0,113
302,"Matt Bartkowski",BOS,D,-24,64," "," "," ",0,18,22,30,91,0,56
303,"Andrej Meszaros",BUF,D,-24,52," "," "," ",7,15,5,40,84,2,64
304,"Andrew Ference",EDM,D,-25,71," "," "," ",3,15,-18,63,77,2,108
305,"Jay Harrison",CAR,D,-25,66," "," "," ",4,11,1,35,99,6,78
306,"Zbynek Michalek",ARI,D,-25,59," "," "," ",2,8,6,24,78,0,165
307,"Ryan Callahan",TBL,RW,-25,65," "," "," ",17,19,1,24,163,12,60
308,"Brad Boyes",FLA,C/RW,-25,78," "," "," ",21,15,-6,28,176,3,35
309,"Lars Eller",MTL,C,-25,77," "," "," ",12,14,-15,68,137,3,58
310,"Eddie Lack",VAN,G,-26,42,16,4,0.912," "," "," "," "," "," "," "
311,"Tyler Myers",BUF,D,-26,62," "," "," ",9,13,-26,58,99,5,81
312,"Cam Atkinson",CBJ,RW,-26,79," "," "," ",21,19,-4,18,216,9,38
313,"Brian Gionta",BUF,RW,-27,81," "," "," ",18,22,1,22,184,7,52
314,"Derek Morris",ARI,D,-27,63," "," "," ",5,12,-2,41,82,1,104
315,"RJ Umberger",PHI,LW,-27,74," "," "," ",18,16,-3,26,136,12,36
316,"Mark Letestu",CBJ,C,-27,82," "," "," ",12,22,1,20,122,10,25
317,"Robyn Regehr",LAK,D,-27,79," "," "," ",3,11,6,46,73,0,96
318,"Matt Cooke",MIN,LW,-28,82," "," "," ",10,18,8,54,104,2,61
319,"Pavel Datsyuk",DET,C/LW,-28,45," "," "," ",17,20,1,6,126,12,22
320,"Kris Letang",PIT,D,-28,37," "," "," ",11,11,-8,16,108,12,51
321,"Seth Jones",NSH,D,-28,77," "," "," ",6,19,-23,24,100,7,99
322,"Maxime Talbot",COL,C/RW,-28,81," "," "," ",8,19,5,45,124,1,46
323,"Ryan Murray",CBJ,D,-29,66," "," "," ",4,17,4,10,62,7,97
324,"Nino Niederreiter",MIN,RW,-29,81," "," "," ",14,22,12,44,143,6,23
325,"Chris Stewart",BUF,RW,-29,63," "," "," ",15,11,0,118,110,3,9
326,"Sami Vatanen",ANA,D,-29,48," "," "," ",6,15,9,22,73,7,47
327,"Jeff Petry",EDM,D,-29,80," "," "," ",7,10,-22,42,96,2,132
328,"Josh Gorges",BUF,D,-30,66," "," "," ",1,13,6,12,35,1,177
329,"Milan Michalek",OTT,LW/RW,-30,82," "," "," ",17,22,-25,41,169,8,31
330,"Jared Cowen",OTT,D,-30,68," "," "," ",6,9,0,45,68,1,99
331,"Christopher Tanev",VAN,D,-30,64," "," "," ",6,11,12,8,65,0,136
332,"Brooks Orpik",WSH,D,-30,71," "," "," ",2,10,-3,46,48,0,141
333,"Marco Scandella",MIN,D,-30,76," "," "," ",3,14,10,20,80,0,102
334,"Chris Phillips",OTT,D,-30,70," "," "," ",1,14,-12,30,90,8,95
335,"Loui Eriksson",BOS,LW/RW,-30,61," "," "," ",10,27,14,6,115,11,13
336,"Kyle Brodziak",MIN,C,-31,81," "," "," ",8,16,0,61,115,1,41
337,"Matt Beleskey",ANA,LW,-31,55," "," "," ",9,15,8,64,112,4,24
338,"Nathan Guenin",COL,D,-31,68," "," "," ",1,8,3,46,52,0,128
339,"Mikhail Grabovski",NYI,C/RW,-31,58," "," "," ",13,22,6,26,81,8,22
340,"Eric Gryba",OTT,D,-32,57," "," "," ",2,9,9,64,57,0,60
341,"Brian Boyle",TBL,C,-32,81," "," "," ",6,12,1,54,135,2,54
342,"Cody McLeod",COL,LW,-32,71," "," "," ",5,8,2,122,76,0,33
343,"Marcus Kruger",CHI,C,-32,81," "," "," ",8,20,6,36,96,0,70
344,"Sam Gagner",ARI,C/RW,-32,67," "," "," ",10,27,-29,41,143,7,34
345,"Carl Hagelin",NYR,LW,-32,71," "," "," ",16,16,7,42,140,0,33
346,"Ron Hainsey",CAR,D,-33,80," "," "," ",4,10,-8,43,72,0,121
347,"Vladimir Tarasenko",STL,RW,-33,64," "," "," ",21,22,20,16,136,7,9
348,"Sami Salo",TBL,D,-33,71," "," "," ",4,13,11,18,81,4,66
349,"Raphael Diaz",NYR,D,-33,63," "," "," ",2,13,-2,16,68,4,127
350,"Zack Kassian",VAN,RW,-33,73," "," "," ",14,15,-4,124,91,1,6
351,"Nick Bjugstad",FLA,C,-34,76," "," "," ",16,22,-14,16,185,3,23
352,"Matt Hendricks",EDM,C,-34,77," "," "," ",5,2,-11,112,102,0,59
353,"Mike Weber",BUF,D,-34,68," "," "," ",1,8,-29,73,47,0,161
354,"Thomas Greiss",PIT,G,-34,26,10,3,0.92," "," "," "," "," "," "," "
355,"Mark Scheifele",WPG,C,-34,63," "," "," ",13,21,9,14,100,4,39
356,"Brad Stuart",COL,D,-34,61," "," "," ",3,8,4,35,64,0,114
357,"Calvin de Haan",NYI,D,-35,51," "," "," ",3,13,-7,30,71,3,104
358,"Al Montoya",FLA,G,-35,29,13,2,0.92," "," "," "," "," "," "," "
359,"John Moore",NYR,D,-35,73," "," "," ",4,10,6,25,112,2,57
360,"Mike Weaver",MTL,D,-35,72," "," "," ",1,12,0,31,53,0,128
361,"Jamie McBain",BUF,D,-35,69," "," "," ",6,11,-13,14,98,5,113
362,"Josh Bailey",NYI,LW,-36,77," "," "," ",8,30,-8,26,98,10,29
363,"Colin Wilson",NSH,C/LW,-36,81," "," "," ",11,22,-1,21,112,5,35
364,"Charlie Coyle",MIN,C/RW,-36,70," "," "," ",12,18,-7,33,135,3,37
365,"Jakub Kindl",DET,D,-36,66," "," "," ",2,17,-4,24,93,7,42
366,"Robert Bortuzzo",PIT,D,-36,53," "," "," ",0,10,-4,72,48,0,73
367,"Dainius Zubrus",NJD,C/RW,-36,82," "," "," ",13,13,1,46,121,0,39
368,"Ales Hemsky",DAL,RW,-36,75," "," "," ",13,30,-15,24,138,13,33
369,"Ryan Stanton",VAN,D,-36,64," "," "," ",1,15,5,32,65,0,81
370,"Teddy Purcell",EDM,RW,-36,81," "," "," ",12,30,-3,14,157,12,12
371,"Mika Zibanejad",OTT,C/RW,-37,69," "," "," ",16,17,-15,18,153,8,28
372,"Nikita Nikitin",EDM,D,-37,66," "," "," ",2,13,9,20,95,0,72
373,"Andrew Desjardins",SJS,C,-37,81," "," "," ",3,14,-8,86,95,0,43
374,"Brenden Morrow",TBL,LW,-37,71," "," "," ",13,12,1,76,56,7,20
375,"Ray Whitney",DAL,LW,-37,69," "," "," ",9,23,-6,14,124,15,16
376,"Brandon Prust",MTL,LW,-37,52," "," "," ",6,7,-1,121,49,1,35
377,"Karri Ramo",CGY,G,-38,40,17,3,0.911," "," "," "," "," "," "," "
378,"Matt Donovan",NYI,D,-38,52," "," "," ",2,14,-9,26,86,6,72
379,"Scott Hannan",SJS,D,-38,56," "," "," ",3,9,1,55,52,0,73
380,"David Savard",CBJ,D,-38,70," "," "," ",5,10,2,28,63,3,81
381,"Anton Stralman",TBL,D,-38,80," "," "," ",1,12,7,26,103,0,63
382,"Jimmy Howard",DET,G,-38,51,21,2,0.91," "," "," "," "," "," "," "
383,"Rich Clune",NSH,LW,-39,58," "," "," ",3,4,-7,166,29,0,9
384,"Kevan Miller",BOS,D,-39,47," "," "," ",1,5,20,38,41,0,85
385,"Alex Galchenyuk",MTL,C/LW,-39,65," "," "," ",13,18,-12,26,110,10,25
386,"Lee Stempniak",NYR,LW/RW,-39,73," "," "," ",12,22,-16,32,178,4,21
387,"Justin Abdelkader",DET,LW/RW,-39,70," "," "," ",10,18,2,31,147,3,31
388,"Vernon Fiddler",DAL,C/LW,-39,76," "," "," ",6,17,3,37,109,1,52
389,"Dennis Wideman",CGY,D,-39,46," "," "," ",4,17,-15,18,102,4,75
390,"Zac Rinaldo",PHI,C/LW,-39,67," "," "," ",2,2,-13,153,54,0,12
391,"Clayton Stoner",ANA,D,-40,63," "," "," ",1,4,-6,84,48,0,65
392,"Sean Bergenheim",FLA,LW,-40,62," "," "," ",16,13,-16,40,190,4,18
393,"Ian Cole",STL,D,-40,46," "," "," ",3,8,15,31,45,2,68
394,"Jonathan Huberdeau",FLA,C/LW,-40,69," "," "," ",9,19,-5,37,108,5,23
395,"Marc Staal",NYR,D,-40,71," "," "," ",3,11,-1,24,91,1,81
396,"Daniel Winnik",TOR,LW,-40,76," "," "," ",6,24,6,23,115,0,62
397,"Nate Prosser",MIN,D,-41,53," "," "," ",2,6,2,58,30,1,83
398,"Tom Wilson",WSH,RW,-41,82," "," "," ",3,7,1,151,63,1,13
399,"Saku Koivu",ANA,C,-41,65," "," "," ",11,18,3,46,81,0,30
400,"Steve Ott",STL,C/LW,-41,82," "," "," ",9,14,-38,92,127,2,35
401,"Rich Peverley",DAL,C,-42,62," "," "," ",7,23,-3,15,122,3,42
402,"Brandon Bollig",CHI,LW,-42,82," "," "," ",7,7,-1,92,109,0,22
403,"Danny Briere",COL,C/RW,-43,69," "," "," ",13,12,1,30,118,6,11
404,"Nick Spaling",PIT,C/LW,-43,71," "," "," ",13,19,2,14,85,6,32
405,"Adam McQuaid",BOS,D,-43,30," "," "," ",1,5,12,69,25,0,42
406,"Michael Del Zotto",PHI,D,-43,67," "," "," ",3,13,-9,18,90,4,75
407,"Matt Martin",NYI,LW,-44,79," "," "," ",8,6,-11,90,120,0,42
408,"Deryk Engelland",CGY,D,-44,56," "," "," ",6,6,-6,58,59,1,52
409,"Kevin Klein",NYR,D,-44,76," "," "," ",2,7,-7,21,71,0,136
410,"Brett Bellemore",CAR,D,-44,62," "," "," ",2,6,0,41,54,0,94
411,"Marcel Goc",PIT,C/LW,-44,74," "," "," ",11,14,-7,35,117,2,43
412,"Gregory Campbell",BOS,C,-44,82," "," "," ",8,13,1,47,84,1,46
413,"Paul Gaustad",NSH,C/LW,-45,75," "," "," ",10,11,-6,61,74,0,55
414,"Alex Chiasson",DAL,RW,-45,79," "," "," ",13,22,-21,38,144,13,21
415,"Brad Richardson",VAN,C,-45,73," "," "," ",11,12,1,39,85,1,52
416,"Paul Ranger",TOR,D,-45,53," "," "," ",6,8,-1,36,59,0,72
417,"Matt Calvert",CBJ,LW,-45,56," "," "," ",9,15,-1,53,90,4,29
418,"Mark Fayne",EDM,D,-45,72," "," "," ",4,7,-5,30,88,0,83
419,"Alex Burrows",VAN,LW/RW,-45,49," "," "," ",5,10,-9,71,104,6,33
420,"Cory Conacher",NYI,LW,-46,79," "," "," ",7,19,1,50,100,1,27
421,"Kyle Palmieri",ANA,RW,-46,71," "," "," ",14,17,9,38,147,0,31
422,"Shawn Horcoff",DAL,C,-46,77," "," "," ",7,13,1,52,68,4,29
423,"Cory Sarich",COL,D,-46,54," "," "," ",1,9,7,38,48,0,66
424,"John Scott",BUF,LW/D,-46,56," "," "," ",1,0,-12,125,16,0,21
425,"Drew Stafford",BUF,RW,-46,70," "," "," ",16,18,-19,39,185,6,25
426,"Jiri Tlusty",CAR,LW,-46,66," "," "," ",16,14,2,22,130,1,38
427,"Matt Read",PHI,RW,-46,75," "," "," ",22,18,-4,16,151,2,54
428,"Paul Martin",PIT,D,-47,38," "," "," ",2,12,-4,8,53,9,72
429,"Tomas Fleischmann",FLA,LW,-47,80," "," "," ",8,20,-18,22,188,7,11
430,"Dwight King",LAK,LW,-47,77," "," "," ",15,15,16,18,111,1,17
431,"Steve Oleksy",WSH,D,-47,33," "," "," ",2,8,7,53,27,0,48
432,"Brock Nelson",NYI,C,-48,72," "," "," ",14,12,-10,12,132,6,38
433,"Brandon Sutter",PIT,C,-48,80," "," "," ",13,12,-8,12,143,4,40
434,"Matt Stajan",CGY,C,-48,63," "," "," ",14,19,-13,42,70,1,36
435,"Valeri Nichushkin",DAL,RW,-48,79," "," "," ",14,20,20,8,128,3,27
436,"Maxim Lapierre",STL,C/RW,-49,71," "," "," ",9,6,-3,78,78,0,18
437,"Sean Monahan",CGY,C,-49,75," "," "," ",22,12,-20,8,140,7,23
438,"Lance Bouma",CGY,C/LW,-49,78," "," "," ",5,10,-4,41,82,0,87
439,"David Schlemko",ARI,D,-49,48," "," "," ",1,8,2,18,61,3,79
440,"Ryan Smyth",EDM,LW,-50,72," "," "," ",10,13,-18,44,129,7,29
441,"Matt Greene",LAK,D,-50,38," "," "," ",2,4,6,47,38,0,59
442,"Mike Santorelli",TOR,C,-51,49," "," "," ",10,18,9,6,91,0,44
443,"Patrick Bordeleau",COL,LW,-51,82," "," "," ",6,5,-1,115,37,0,14
444,"Ilya Bryzgalov",MIN,G,-51,33,12,4,0.909," "," "," "," "," "," "," "
445,"Jonathan Ericsson",DET,D,-51,48," "," "," ",1,10,2,34,66,0,46
446,"Tuomo Ruutu",NJD,C/LW,-51,76," "," "," ",8,16,-18,44,105,3,34
447,"Michael Ryder",NJD,RW,-51,82," "," "," ",18,16,-6,18,166,8,10
448,"Marcus Foligno",BUF,LW,-51,74," "," "," ",7,12,-17,82,79,1,43
449,"John-Michael Liles",CAR,D,-51,40," "," "," ",2,7,5,8,56,4,79
450,"James Sheppard",SJS,C,-52,67," "," "," ",4,16,3,35,84,1,34
451,"Shawn Matthias",VAN,C,-52,77," "," "," ",12,11,-3,26,127,0,29
452,"Derek Dorsett",NYR,RW,-52,51," "," "," ",4,4,-1,128,67,0,27
453,"Mark Barberio",TBL,D,-53,49," "," "," ",5,5,10,28,54,1,38
454,"Riley Nash",CAR,C,-53,71," "," "," ",10,14,0,29,85,3,21
455,"Tim Gleason",CAR,D,-53,56," "," "," ",1,5,-21,65,43,0,88
456,"Mark Fraser",EDM,D,-53,42," "," "," ",1,1,-15,76,11,0,95
457,"Brian Lashoff",DET,D,-53,75," "," "," ",1,5,-2,36,38,0,93
458,"Evgeni Nabokov",TBL,G,-53,40,15,4,0.905," "," "," "," "," "," "," "
459,"Ryan Malone",TBL,LW,-53,57," "," "," ",5,10,-7,67,95,3,26
460,"Sheldon Brookbank",CHI,D,-54,48," "," "," ",2,5,2,52,43,0,38
461,"Martin Erat",ARI,LW/RW,-54,70," "," "," ",3,26,5,28,53,4,25
462,"Boyd Gordon",EDM,C,-54,74," "," "," ",8,13,-15,20,80,4,89
463,"Joe Colborne",CGY,C,-54,80," "," "," ",10,18,-17,34,80,4,33
464,"Anton Volchenkov",NSH,D,-54,56," "," "," ",0,8,3,20,42,0,91
465,"Eric Fehr",WSH,RW,-54,73," "," "," ",13,18,0,32,137,1,33
466,"Erik Cole",DAL,LW/RW,-54,75," "," "," ",16,13,-17,20,139,7,21
467,"John Erskine",WSH,D,-54,37," "," "," ",1,3,-5,56,38,0,66
468,"Tanner Glass",PIT,LW,-54,66," "," "," ",3,9,-8,85,54,0,57
469,"Carter Hutton",NSH,G,-54,40,20,1,0.91," "," "," "," "," "," "," "
470,"Dennis Seidenberg",BOS,D,-55,34," "," "," ",1,9,11,10,53,0,66
471,"Adam Pardy",WPG,D,-55,60," "," "," ",0,6,4,38,47,0,55
472,"Stephane Robidas",TOR,D,-55,38," "," "," ",5,5,10,20,56,0,49
473,"Darcy Kuemper",MIN,G,-55,27,12,2,0.915," "," "," "," "," "," "," "
474,"Nate Thompson",ANA,C,-56,81," "," "," ",9,7,3,27,105,0,45
475,"Tyler Toffoli",LAK,RW,-56,62," "," "," ",12,17,21,10,124,4,8
476,"Derek MacKenzie",FLA,C,-56,71," "," "," ",9,9,0,47,70,0,32
477,"Dmitry Orlov",WSH,D,-56,54," "," "," ",3,8,-1,19,59,1,62
478,"Nick Schultz",PHI,D,-56,69," "," "," ",0,5,-13,28,35,0,132
479,"Jesse Winchester",COL,C,-57,52," "," "," ",9,9,-2,38,100,1,21
480,"Dany Heatley",ANA,LW/RW,-57,76," "," "," ",12,16,-18,18,110,9,30
481,"Aleksander Barkov",FLA,C,-57,54," "," "," ",8,16,-3,10,87,6,27
482,"Brandon Pirri",FLA,C,-57,49," "," "," ",13,12,6,8,80,5,15
483,"Luke Gazdic",EDM,LW,-57,67," "," "," ",2,2,-8,127,30,0,22
484,"PA Parenteau",COL,RW,-57,55," "," "," ",14,19,3,30,110,3,16
485,"Ryane Clowe",NJD,LW/RW,-57,43," "," "," ",7,19,-10,33,74,8,19
486,"Michael Raffl",PHI,LW,-57,68," "," "," ",9,13,2,28,101,0,44
487,"Anton Belov",EDM,D,-57,57," "," "," ",1,6,-12,34,54,2,75
488,"Kyle Clifford",LAK,LW,-57,71," "," "," ",3,5,6,81,74,0,13
489,"Michal Rozsival",CHI,D,-57,42," "," "," ",1,7,7,32,39,0,43
490,"Shawn Thornton",BOS,LW,-58,64," "," "," ",5,3,3,74,93,0,19
491,"Ryan Murphy",CAR,D,-58,46," "," "," ",2,10,-7,10,77,3,55
492,"Lauri Korpikoski",ARI,LW,-58,64," "," "," ",9,16,-7,24,109,2,38
493,"Douglas Murray",MTL,D,-58,53," "," "," ",0,2,-12,42,26,0,115
494,"Dalton Prout",CBJ,D,-59,49," "," "," ",2,4,-7,37,56,0,65
495,"Zemgus Girgensons",BUF,C/LW,-59,70," "," "," ",8,14,-6,14,115,0,43
496,"Francis Bouillon",MTL,D,-60,52," "," "," ",2,4,-5,34,34,1,70
497,"Riley Sheahan",DET,C,-61,42," "," "," ",9,15,8,6,59,5,16
498,"Andrei Loktionov",CAR,C,-61,67," "," "," ",7,15,-2,14,78,6,14
499,"Eric Nystrom",NSH,LW,-61,79," "," "," ",15,6,-25,60,120,0,35
500,"Rene Bourque",MTL,LW,-61,63," "," "," ",9,7,-1,32,118,4,15
501,"Kyle Chipchura",ARI,C,-62,80," "," "," ",5,15,3,45,46,0,9
502,"Teemu Selanne",ANA,RW,-62,64," "," "," ",9,18,8,12,111,8,8
503,"David Clarkson",TOR,RW,-62,60," "," "," ",5,6,-14,93,102,2,35
504,"Daniel Carcillo",NYR,LW,-62,56," "," "," ",4,1,-1,98,43,0,21
505,"Chris Kelly",BOS,C,-62,57," "," "," ",9,9,2,32,69,0,29
506,"Yannick Weber",VAN,D,-62,49," "," "," ",6,4,-7,16,70,4,37
507,"Luca Sbisa",VAN,D,-62,30," "," "," ",1,5,0,43,30,0,38
508,"Paul Byron",CGY,C,-62,47," "," "," ",7,14,6,27,46,3,10
509,"Tomas Hertl",SJS,LW,-62,37," "," "," ",15,10,11,4,98,3,13
510,"Mark Fistric",ANA,D,-62,34," "," "," ",0,5,9,28,21,1,46
511,"David Moss",ARI,RW,-62,79," "," "," ",8,14,-1,18,151,2,49
512,"Dylan Olsen",FLA,D,-62,44," "," "," ",3,9,-3,8,60,1,55
513,"Marian Gaborik",LAK,RW,-63,41," "," "," ",11,19,7,10,103,7,10
514,"Simon Despres",PIT,D,-63,34," "," "," ",0,5,4,26,41,1,46
515,"Cody Ceci",OTT,D,-63,49," "," "," ",3,6,-5,14,82,0,49
516,"Martin Brodeur",NJD,G,-64,40,19,3,0.901," "," "," "," "," "," "," "
517,"Erik Haula",MIN,C/LW,-64,46," "," "," ",6,9,14,29,56,0,17
518,"Jakob Silfverberg",ANA,LW/RW,-64,52," "," "," ",10,13,2,12,119,1,20
519,"Victor Bartley",NSH,D,-64,50," "," "," ",1,5,0,23,21,0,79
520,"Michael Kostka",NYR,D,-64,28," "," "," ",4,7,10,8,49,0,33
521,"Travis Moen",MTL,LW,-64,65," "," "," ",2,10,2,49,56,0,54
522,"Keith Ballard",MIN,D,-64,45," "," "," ",2,7,-7,37,29,2,37
523,"Matt Nieto",SJS,C,-64,47," "," "," ",8,10,-4,14,91,3,35
524,"Ryan Reaves",STL,RW,-64,63," "," "," ",2,6,-1,126,25,0,12
525,"Grant Clitsome",WPG,D,-64,32," "," "," ",2,10,-5,18,42,2,42
526,"Ed Jovanovski",FLA,D,-64,37," "," "," ",1,4,-6,39,44,1,42
527,"Erik Gustafsson",PHI,D,-64,31," "," "," ",2,8,7,6,30,2,50
528,"Nikolai Kulemin",NYI,LW/RW,-64,70," "," "," ",9,11,-4,24,81,0,63
529,"Colin Greening",OTT,LW,-65,76," "," "," ",6,11,-15,41,108,3,30
530,"Devin Setoguchi",WPG,RW,-65,75," "," "," ",11,16,-7,22,129,3,37
531,"Casey Cizikas",NYI,C,-65,80," "," "," ",6,10,-12,30,79,2,48
532,"Tyler Kennedy",SJS,LW/RW,-65,67," "," "," ",4,13,-10,34,143,1,11
533,"Philip Larsen",EDM,D,-65,30," "," "," ",3,9,-4,8,47,5,31
534,"Brian McGrattan",CGY,RW,-65,76," "," "," ",4,4,-4,100,79,0,23
535,"Gabriel Bourque",NSH,LW,-65,74," "," "," ",9,17,-5,8,108,1,34
536,"Dominic Moore",NYR,C,-65,72," "," "," ",6,12,0,18,95,0,24
537,"Lubomir Visnovsky",NYI,D,-66,24," "," "," ",3,8,-1,10,34,6,26
538,"Jean-Sebastien Giguere",COL,G,-66,23,11,2,0.913," "," "," "," "," "," "," "
539,"Jon Merrill",NJD,D,-66,52," "," "," ",2,9,-3,12,45,2,41
540,"Ryan Strome",NYI,C,-67,37," "," "," ",7,11,-1,8,89,6,8
541,"Shane O'Brien",CGY,D,-67,45," "," "," ",0,3,-8,58,16,0,38
542,"David Booth",TOR,LW,-67,66," "," "," ",9,10,1,18,117,1,17
543,"Darren Helm",DET,C,-67,42," "," "," ",12,8,2,14,83,1,16
544,"Blake Comeau",PIT,LW,-67,61," "," "," ",5,11,-2,36,107,0,16
545,"Rob Klinkhammer",ARI,LW,-67,72," "," "," ",11,9,6,19,103,1,7
546,"Curtis Glencross",CGY,LW,-67,38," "," "," ",12,12,-11,12,77,8,27
547,"Todd Bertuzzi",DET,LW/RW,-67,59," "," "," ",9,7,-17,40,100,7,14
548,"Henrik Tallinder",BUF,D,-68,64," "," "," ",2,6,-21,34,40,0,76
549,"Tim Thomas",DAL,G,-69,48,18,1,0.908," "," "," "," "," "," "," "
550,"Damien Brunner",NJD,RW,-69,60," "," "," ",11,14,-11,26,110,10,5
551,"Brian Strait",NYI,D,-69,47," "," "," ",3,6,-14,14,40,0,86
552,"James Reimer",TOR,G,-69,35,12,2,0.911," "," "," "," "," "," "," "
553,"Cal Clutterbuck",NYI,RW,-69,73," "," "," ",12,7,-9,40,172,0,14
554,"Drew Miller",DET,LW,-69,82," "," "," ",7,8,-11,21,117,0,63
555,"Andrej Sustr",TBL,D,-69,43," "," "," ",1,7,3,16,39,0,36
556,"Jordan Nolan",LAK,C,-69,64," "," "," ",6,4,-1,54,58,0,11
557,"Philipp Grubauer",WSH,G,-69,18,6,0,0.925," "," "," "," "," "," "," "
558,"Martin Marincin",EDM,D,-69,44," "," "," ",0,6,-2,16,28,1,60
559,"Zenon Konopka",BUF,C,-70,59," "," "," ",1,2,-9,88,21,0,26
560,"Pascal Dupuis",PIT,LW/RW,-70,38," "," "," ",7,13,7,8,92,0,28
561,"Michal Handzus",CHI,C,-70,59," "," "," ",4,12,0,16,50,0,55
562,"Mattias Ekholm",NSH,D,-70,62," "," "," ",1,8,-8,10,58,0,55
563,"Kevin Connauton",DAL,D,-70,36," "," "," ",1,7,-6,16,56,2,29
564,"Bryce Salvador",NJD,D,-70,40," "," "," ",1,3,-2,29,24,0,50
565,"Mark Pysyk",BUF,D,-71,44," "," "," ",1,6,-11,16,51,1,57
566,"Jay McClement",CAR,C,-71,81," "," "," ",4,6,-8,32,67,0,57
567,"Brian Flynn",BUF,C,-71,79," "," "," ",6,7,-10,14,102,0,55
568,"Connor Murphy",ARI,D,-71,30," "," "," ",1,7,5,10,30,0,38
569,"Brooks Laich",WSH,C,-71,51," "," "," ",8,7,-7,16,75,3,35
570,"Viktor Stalberg",NSH,LW,-72,70," "," "," ",8,10,-14,32,114,0,25
571,"Manny Malhotra",MTL,C,-72,68," "," "," ",7,6,0,18,51,0,56
572,"Elias Lindholm",CAR,C,-72,56," "," "," ",9,12,-11,4,70,7,16
573,"Ben Smith",CHI,RW,-73,75," "," "," ",14,12,3,2,90,2,58
574,"Justin Peters",WSH,G,-73,22,7,1,0.919," "," "," "," "," "," "," "
575,"Joe Corvo",OTT,D,-73,25," "," "," ",3,7,-7,10,54,2,24
576,"Trevor Lewis",LAK,C,-73,73," "," "," ",6,5,-1,6,111,0,36
577,"Patrick Dwyer",CAR,RW,-74,73," "," "," ",8,13,-2,14,130,0,45
578,"Connor Carrick",WSH,D,-74,34," "," "," ",1,5,-9,23,26,0,56
579,"Eric Boulton",NYI,LW,-74,23," "," "," ",2,2,0,88,21,0,6
580,"Jannik Hansen",VAN,RW,-74,71," "," "," ",11,9,-9,43,112,1,22
581,"Keaton Ellerby",WPG,D,-74,51," "," "," ",2,4,4,2,33,1,46
582,"Robin Lehner",OTT,G,-74,37,12,1,0.913," "," "," "," "," "," "," "
583,"Mark Arcobello",EDM,C,-75,41," "," "," ",4,14,-7,8,70,3,23
584,"Nate Schmidt",WSH,D,-75,29," "," "," ",2,4,4,6,41,0,35
585,"TJ Galiardi",CGY,LW,-75,62," "," "," ",4,13,-13,21,100,0,43
586,"Daniel Paille",BOS,LW,-75,72," "," "," ",9,9,9,6,71,0,30
587,"Joe Vitale",ARI,C,-75,52," "," "," ",1,12,-1,29,40,1,22
588,"Jarred Tinordi",MTL,D,-75,22," "," "," ",0,2,-2,40,10,0,27
589,"Justin Fontaine",MIN,RW,-76,66," "," "," ",13,8,6,26,79,2,23
590,"Ryan Carter",NJD,C,-76,62," "," "," ",7,3,-6,35,69,0,24
591,"B.J. Crombeen",TBL,RW,-76,55," "," "," ",3,7,-2,79,60,0,15
592,"Dale Weise",MTL,RW,-77,61," "," "," ",6,10,3,59,41,0,26
593,"Ondrej Pavelec",WPG,G,-77,57,22,1,0.901," "," "," "," "," "," "," "
594,"Mark Borowiecki",OTT,D,-77,13," "," "," ",1,0,-2,48,6,0,13
595,"Tim Jackman",ANA,RW,-77,36," "," "," ",4,1,-3,103,46,0,4
596,"Rob Scuderi",PIT,D,-77,52," "," "," ",0,4,-8,2,27,0,88
597,"Anders Lee",NYI,C,-77,22," "," "," ",9,5,3,14,68,2,2
598,"Jeff Zatkoff",PIT,G,-78,21,12,1,0.912," "," "," "," "," "," "," "
599,"Corey Potter",CGY,D,-78,19," "," "," ",0,5,-1,21,17,2,18
600,"Jordan Leopold",STL,D,-78,27," "," "," ",1,5,1,6,40,1,24
601,"Michael Grabner",NYI,RW,-78,64," "," "," ",12,14,-10,12,137,0,25
602,"Stephen Gionta",NJD,C/RW,-79,66," "," "," ",4,7,-8,18,89,0,25
603,"Nail Yakupov",EDM,RW,-79,63," "," "," ",11,13,-33,36,122,6,23
604,"Erik Condra",OTT,RW,-79,76," "," "," ",6,10,0,30,85,0,44
605,"Rostislav Klesla",ARI,D,-79,25," "," "," ",1,3,-3,24,22,0,25
606,"Bryan Bickell",CHI,LW,-79,59," "," "," ",11,4,-6,28,93,0,10
607,"Marty Havlat",SJS,RW,-79,48," "," "," ",12,10,14,10,72,2,14
608,"Cody McCormick",BUF,C,-80,43," "," "," ",2,5,-6,52,26,0,21
609,"Joakim Andersson",DET,C,-80,65," "," "," ",8,9,-11,12,78,0,25
610,"Peter Regin",CHI,C/LW,-80,61," "," "," ",4,7,-5,20,69,1,19
611,"Peter Harrold",NJD,RW/D,-80,33," "," "," ",0,4,-2,14,32,0,29
612,"Brian Gibbons",CBJ,C,-80,41," "," "," ",5,12,5,6,29,1,19
613,"Jean-philippe Cote",TBL,D,-81,19," "," "," ",0,4,0,22,12,0,22
614,"Tyson Strachan",BUF,D,-81,18," "," "," ",0,2,-2,28,7,0,30
615,"Paul Bissonnette",ARI,LW,-81,39," "," "," ",2,6,6,53,25,0,4
616,"Ryan Wilson",COL,D,-81,28," "," "," ",0,6,1,12,23,0,17
617,"Jay Beagle",WSH,C,-81,62," "," "," ",4,5,-9,28,60,0,32
618,"Dave Bolland",FLA,C,-82,23," "," "," ",8,4,-1,24,33,2,13
619,"Carlo Colaiacovo",STL,D,-82,25," "," "," ",1,3,-4,18,18,1,26
620,"Jeff Halpern",ARI,C,-82,69," "," "," ",5,7,-8,24,45,0,33
621,"Peter Holland",TOR,C,-82,43," "," "," ",6,5,0,18,43,1,22
622,"Chris Thorburn",WPG,RW,-82,55," "," "," ",2,9,0,65,26,0,34
623,"Adam Larsson",NJD,D,-82,26," "," "," ",1,2,-1,12,20,0,37
624,"Nikita Kucherov",TBL,RW,-82,52," "," "," ",9,9,3,14,102,2,19
625,"Scott Gomez",FLA,C,-82,46," "," "," ",2,10,-11,24,56,2,16
626,"Jay Rosehill",PHI,LW,-82,34," "," "," ",2,0,-8,90,14,0,4
627,"Mike Brown",SJS,RW,-82,56," "," "," ",2,3,-9,94,45,0,15
628,"Ryan Jones",EDM,LW,-83,52," "," "," ",2,4,0,40,59,0,21
629,"Curtis McElhinney",CBJ,G,-83,29,10,2,0.909," "," "," "," "," "," "," "
630,"Ryan Spooner",BOS,C,-83,23," "," "," ",0,11,0,6,42,6,6
631,"Michael Bournival",MTL,LW,-83,55," "," "," ",6,6,-10,18,67,3,39
632,"David Jones",CGY,RW,-83,48," "," "," ",9,8,1,10,104,2,31
633,"Chris Summers",ARI,D,-84,18," "," "," ",2,1,0,15,17,0,25
634,"Colton Orr",TOR,RW,-84,54," "," "," ",0,0,-3,110,12,0,10
635,"Mike Komisarek",CAR,D,-84,32," "," "," ",0,4,-4,14,20,0,27
636,"Colton Sceviour",DAL,C,-84,26," "," "," ",8,4,-3,4,69,2,16
637,"Alexander Sulzer",BUF,D,-84,25," "," "," ",0,2,-3,8,21,0,44
638,"Jeremy Morin",CHI,LW,-85,24," "," "," ",5,6,5,32,46,0,2
639,"Paul Postma",WPG,D,-85,20," "," "," ",1,2,1,8,19,0,29
640,"Luke Glendening",DET,C,-85,56," "," "," ",1,6,-8,22,54,0,38
641,"Alexander Urbom",NJD,D,-85,20," "," "," ",1,1,1,19,16,0,13
642,"Nathan Beaulieu",MTL,D,-85,17," "," "," ",0,2,6,8,15,0,20
643,"Justin Falk",MIN,D,-86,21," "," "," ",0,2,-5,20,10,0,28
644,"Ville Leino",BUF,C/LW,-87,58," "," "," ",0,15,-16,10,38,4,25
645,"Craig Adams",PIT,RW,-87,81," "," "," ",5,6,-15,46,72,0,57
646,"Chad Ruhwedel",BUF,D,-88,21," "," "," ",0,1,-3,2,35,1,29
647,"Drayson Bowman",CAR,LW,-88,68," "," "," ",4,8,-3,12,79,0,18
648,"Rasmus Ristolainen",BUF,D,-88,34," "," "," ",2,2,-15,6,52,0,32
649,"J.t. Brown",TBL,RW,-88,63," "," "," ",4,15,-9,6,113,1,32
650,"Frazer McLaren",TOR,LW,-88,27," "," "," ",0,0,-2,77,4,0,3
651,"Matt D'Agostini",BUF,RW,-89,57," "," "," ",5,7,-15,26,110,2,40
652,"Krystofer Barch",FLA,RW,-89,55," "," "," ",0,4,-10,99,19,0,6
653,"Aaron Rome",DAL,D,-89,25," "," "," ",0,1,-6,11,15,0,38
654,"Jimmy Hayes",FLA,RW,-89,55," "," "," ",11,7,-5,18,72,4,19
655,"Nathan Horton",CBJ,RW,-89,35," "," "," ",4,14,-3,24,48,4,14
656,"Kevin Czuczman",NYI,D,-89,13," "," "," ",0,2,-5,14,24,0,13
657,"Matt Gilroy",FLA,D,-90,16," "," "," ",1,1,-2,6,27,0,18
658,"Matt Pelech",SJS,D,-90,6," "," "," ",1,0,1,22,3,0,1
659,"Michal Neuvirth",BUF,G,-90,16,4,0,0.921," "," "," "," "," "," "," "
660,"Radek Martinek",NYI,D,-90,13," "," "," ",0,3,4,4,12,0,9
661,"J.t. Miller",NYR,C,-90,30," "," "," ",3,3,-6,18,46,2,17
662,"Matt Kassian",OTT,LW,-90,33," "," "," ",1,1,-1,63,12,0,3
663,"Radek Dvorak",CAR,RW,-91,59," "," "," ",4,5,4,39,52,0,25
664,"Steve Bernier",NJD,RW,-92,78," "," "," ",3,9,-15,33,104,1,23
665,"Jonas Gustavsson",DET,G,-92,28,16,0,0.907," "," "," "," "," "," "," "
666,"Daniel Cleary",DET,LW/RW,-92,52," "," "," ",4,4,-11,31,64,0,17
667,"Corey Tropp",CBJ,RW,-92,53," "," "," ",2,9,3,37,35,0,28
668,"David Rundblad",CHI,D,-92,17," "," "," ",0,1,-4,6,21,1,14
669,"Tomas Kopecky",FLA,RW,-93,49," "," "," ",4,8,0,18,95,0,19
670,"Kevin Westgarth",CGY,RW,-93,48," "," "," ",4,3,-4,68,31,0,10
671,"Mike Hoffman",OTT,C/LW,-93,25," "," "," ",3,3,-2,2,61,3,7
672,"Colby Robak",FLA,D,-93,16," "," "," ",0,2,-4,6,15,0,19
673,"Aaron Ness",NYI,D,-93,20," "," "," ",1,2,-13,10,23,0,26
674,"Tomas Jurco",DET,RW,-93,36," "," "," ",8,7,0,14,77,3,9
675,"Frank Corrado",VAN,D,-93,15," "," "," ",1,0,-2,4,20,0,17
676,"Matt Ellis",BUF,C/LW,-93,50," "," "," ",4,2,-6,4,70,0,24
677,"Tyler Wotherspoon",CGY,D,-93,14," "," "," ",0,4,-3,4,3,0,17
678,"Alex Petrovic",FLA,D,-94,7," "," "," ",0,1,3,8,4,0,5
679,"Jake Mccabe",BUF,D,-94,7," "," "," ",0,1,-3,15,1,0,10
680,"Zach Redmond",COL,D,-94,10," "," "," ",1,2,1,0,10,0,11
681,"Brayden McNabb",LAK,D,-94,12," "," "," ",0,0,1,6,10,0,12
682,"Ryan White",PHI,RW,-94,52," "," "," ",2,4,-8,50,51,0,37
683,"Colin Fraser",STL,C,-94,33," "," "," ",0,2,-4,30,22,0,20
684,"Keith Aulie",EDM,D,-94,15," "," "," ",0,1,-3,9,6,0,15
685,"Colin McDonald",NYI,RW,-95,70," "," "," ",8,10,-22,34,96,0,15
686,"Oscar Klefbom",EDM,D,-95,17," "," "," ",1,2,-6,0,14,0,25
687,"Christopher Breen",BOS,D,-95,9," "," "," ",0,2,1,5,4,0,7
688,"Patrick Wey",WSH,D,-95,9," "," "," ",0,3,0,5,5,0,4
689,"Julien Brouillette",WPG,D,-95,10," "," "," ",1,1,3,0,4,0,11
690,"Magnus Paajarvi",STL,LW,-95,55," "," "," ",6,6,-6,6,60,0,24
691,"Calle Jarnkrok",NSH,C,-95,12," "," "," ",2,7,7,4,13,1,4
692,"Sven Baertschi",CGY,LW,-95,26," "," "," ",2,9,-4,6,30,4,19
693,"Emerson Etem",ANA,LW/RW,-95,29," "," "," ",7,4,3,4,44,1,13
694,"Peter Budaj",MTL,G,-95,25,10,1,0.909," "," "," "," "," "," "," "
695,"Aaron Volpatti",WSH,LW,-95,41," "," "," ",2,0,-3,49,18,0,10
696,"Troy Bodie",TOR,RW,-96,47," "," "," ",3,7,6,26,50,0,19
697,"Cameron Gaunce",DAL,D,-96,9," "," "," ",0,0,1,7,9,0,4
698,"Jack Hillen",WSH,D,-96,13," "," "," ",0,1,-4,4,12,0,16
699,"Brandon Gormley",ARI,D,-96,5," "," "," ",0,0,4,2,4,0,8
700,"Will Acton",EDM,C,-96,30," "," "," ",3,2,-2,21,18,0,14
701,"Brian Dumoulin",PIT,D,-96,6," "," "," ",0,1,1,4,3,0,8
702,"Petr Mrazek",DET,G,-97,10,2,2,0.927," "," "," "," "," "," "," "
703,"David Warsofsky",BOS,D,-97,6," "," "," ",1,1,1,0,10,0,4
704,"Jonathon Blum",MIN,D,-97,15," "," "," ",0,1,-1,0,11,0,13
705,"James Wright",WPG,C,-97,59," "," "," ",0,2,-3,15,41,0,20
706,"Mathew Dumba",MIN,D,-97,9," "," "," ",1,1,-2,2,9,1,2
707,"Alex Tanguay",COL,LW/RW,-97,16," "," "," ",4,7,7,4,24,1,8
708,"Alex Grant",OTT,D,-97,2," "," "," ",2,0,3,2,2,0,0
709,"Trevor Smith",TOR,C,-97,28," "," "," ",4,5,-3,4,24,1,16
710,"Zac Dalpe",BUF,C/RW,-97,55," "," "," ",4,3,-7,6,52,1,9
711,"Bracken Kearns",SJS,C,-97,25," "," "," ",3,2,-2,6,37,1,16
712,"Evgeny Kuznetsov",WSH,C/LW,-97,17," "," "," ",3,6,-2,6,22,2,2
713,"Eric Tangradi",WPG,LW,-97,55," "," "," ",3,3,-6,21,52,0,17
714,"Denis Grebeshkov",EDM,D,-97,7," "," "," ",0,1,0,2,3,0,9
715,"Scott Mayfield",NYI,D,-98,5," "," "," ",0,0,-3,7,7,0,8
716,"Richard Panik",TBL,RW,-98,50," "," "," ",3,10,-9,21,56,4,16
717,"Chad Billins",CGY,D,-98,10," "," "," ",0,3,-3,0,3,0,9
718,"Patrik Nemeth",DAL,D,-98,8," "," "," ",0,0,-3,6,3,0,11
719,"Tom Pyatt",TBL,C,-98,27," "," "," ",3,4,-2,4,27,0,20
720,"Quinton Howden",FLA,C,-99,16," "," "," ",4,2,0,10,23,0,11
721,"George Parros",MTL,RW,-99,22," "," "," ",0,1,-6,85,4,0,5
722,"Cody Goloubef",CBJ,D,-99,5," "," "," ",0,0,0,2,4,0,7
723,"Andrew Alberts",VAN,D,-99,10," "," "," ",0,0,1,0,5,0,7
724,"Drew Shore",FLA,C,-99,24," "," "," ",5,2,-1,8,23,1,5
725,"Christian Folin",MIN,D,-99,1," "," "," ",0,1,3,0,0,0,0
726,"Brad Malone",CAR,C,-99,32," "," "," ",3,2,-4,23,16,0,5
727,"Taylor Fedun",SJS,D,-99,4," "," "," ",2,0,-1,0,6,0,3
728,"Reid Boucher",NJD,C,-99,23," "," "," ",2,5,2,4,27,0,5
729,"Jamie Oleksiak",DAL,D,-99,7," "," "," ",0,0,-3,2,5,0,14
730,"Torrey Mitchell",BUF,RW,-99,67," "," "," ",2,8,-3,25,56,0,25
731,"Anthony Peluso",WPG,RW,-99,53," "," "," ",2,3,-5,65,24,0,3
732,"Dylan McIlrath",NYR,D,-99,2," "," "," ",0,0,-1,7,0,0,1
733,"Eric O'dell",WPG,C,-99,30," "," "," ",3,4,-2,10,17,0,12
734,"Tim Erixon",CBJ,D,-99,2," "," "," ",0,0,2,2,1,0,1
735,"Brandon McMillan",ARI,C,-99,22," "," "," ",2,4,0,4,35,0,7
736,"Matt Taormina",CBJ,D,-100,7," "," "," ",0,0,0,0,6,0,6
737,"Hal Gill",PHI,D,-100,6," "," "," ",0,0,0,2,1,0,6
738,"Tim Kennedy",ARI,LW,-100,37," "," "," ",2,6,0,4,42,0,21
739,"Alexey Marchenko",DET,D,-100,1," "," "," ",0,0,2,2,0,0,0
740,"Dmitry Korobov",TBL,D,-100,3," "," "," ",0,1,0,2,0,0,0
741,"Maxime Fortunus",DAL,D,-100,1," "," "," ",0,1,1,0,0,0,1
742,"Xavier Ouellet",DET,D,-100,4," "," "," ",0,0,0,2,4,0,1
743,"Philip Samuelsson",PIT,D,-100,5," "," "," ",0,0,-1,0,5,0,7
744,"Ryan Whitney",FLA,D,-100,7," "," "," ",0,0,-7,6,8,0,10
745,"Karl Stollery",COL,D,-100,2," "," "," ",0,0,1,2,1,0,0
746,"Nikita Zadorov",BUF,D,-101,7," "," "," ",1,0,-4,4,4,0,3
747,"Nolan Yonkman",ANA,D,-101,2," "," "," ",0,1,-1,0,3,0,2
748,"Blair Jones",PHI,C,-101,14," "," "," ",2,0,0,21,14,0,5
749,"Stefan Elliott",COL,D,-101,1," "," "," ",1,0,0,0,1,0,0
750,"Jonathan Racine",FLA,D,-101,1," "," "," ",0,0,-1,2,0,0,4
751,"Mike Mottau",FLA,D,-101,8," "," "," ",0,0,-3,4,1,0,5
752,"Joe Piskula",NSH,D,-101,2," "," "," ",0,0,1,0,2,0,0
753,"Ryan Sproul",DET,D,-101,1," "," "," ",0,0,0,0,3,0,2
754,"Andrew Campbell",ARI,D,-101,3," "," "," ",0,0,0,0,4,0,1
755,"Tanner Pearson",LAK,LW,-101,25," "," "," ",3,4,2,8,31,1,9
756,"Vincent Trocheck",FLA,C,-101,20," "," "," ",5,3,-11,6,38,1,11
757,"Zach Trotman",BOS,D,-101,2," "," "," ",0,0,0,0,4,0,0
758,"Adam Almquist",DET,D,-101,2," "," "," ",1,0,-1,0,2,0,0
759,"Matt Hunwick",NYR,D,-101,1," "," "," ",0,0,0,0,1,0,2
760,"Stephen Weiss",DET,C,-101,26," "," "," ",2,2,-4,12,28,0,10
761,"Johan Larsson",BUF,LW,-102,28," "," "," ",0,4,0,19,21,0,19
762,"Petter Granberg",TOR,D,-102,1," "," "," ",0,0,0,0,0,0,1
763,"Conor Allen",NYR,D,-102,3," "," "," ",0,0,-1,0,2,0,1
764,"Stephane Veilleux",MIN,LW,-102,34," "," "," ",3,0,-2,21,26,0,20
765,"Julian Melchiori",WPG,D,-103,1," "," "," ",0,0,-1,0,0,0,1
766,"Mike Halmo",NYI,LW,-103,20," "," "," ",1,0,-1,32,25,0,4
767,"Jason Zucker",MIN,LW,-103,21," "," "," ",4,1,2,2,40,2,11
768,"Mark Cundari",CGY,D,-103,4," "," "," ",0,0,-4,0,6,0,4
769,"Mike Rupp",MIN,C,-103,13," "," "," ",0,1,1,23,6,0,0
770,"Yann Sauve",VAN,D,-103,3," "," "," ",0,0,-2,0,1,0,2
771,"Cameron Schilling",WSH,D,-103,1," "," "," ",0,0,-2,0,2,0,0
772,"Derek Smith",CGY,D,-103,14," "," "," ",0,1,-10,2,12,0,6
773,"Matt Dumba",MIN,D,-103,4," "," "," ",0,0,-3,0,3,0,1
774,"Jean-gabriel Pageau",OTT,C,-103,28," "," "," ",2,0,-5,12,31,0,12
775,"Brad Hunt",EDM,D,-103,3," "," "," ",0,0,-3,0,1,0,2
776,"Stephane Da Costa",OTT,C,-104,12," "," "," ",3,1,2,2,20,1,3
777,"Filip Forsberg",NSH,C/RW,-104,13," "," "," ",1,4,-8,4,20,4,2
778,"Adam Hall",PHI,RW,-104,80," "," "," ",4,5,-15,23,61,0,46
779,"Ben Chiarot",WPG,D,-104,1," "," "," ",0,0,-3,0,0,0,0
780,"Nicklas Jensen",VAN,LW/RW,-104,17," "," "," ",3,3,-1,10,30,1,6
781,"Chris Brown",WSH,C,-104,12," "," "," ",1,1,0,17,8,0,1
782,"Michael Latta",WSH,C,-105,17," "," "," ",1,3,0,12,6,0,2
783,"Marc-andre Cliche",COL,RW,-105,76," "," "," ",1,6,-11,17,69,0,42
784,"John Gibson",ANA,G,-105,4,3,1,0.954," "," "," "," "," "," "," "
785,"Colton Sissons",NSH,C,-105,17," "," "," ",1,3,0,4,13,0,9
786,"Jordan Schroeder",MIN,C,-105,25," "," "," ",3,3,-7,2,25,1,8
787,"Derek Grant",OTT,C,-105,20," "," "," ",0,2,-3,4,31,0,11
788,"Jared Boll",CBJ,RW,-105,28," "," "," ",1,1,-6,62,12,0,9
789,"Matthew Nieto",SJS,LW,-105,19," "," "," ",2,4,0,2,33,1,10
790,"Jacob Josefson",NJD,C,-106,27," "," "," ",1,2,0,4,21,0,4
791,"Pekka Rinne",NSH,G,-106,24,10,2,0.902," "," "," "," "," "," "," "
792,"Zach Sill",PIT,C,-106,20," "," "," ",0,0,-4,12,14,0,18
793,"Tim Sestito",NJD,C,-106,16," "," "," ",0,3,1,2,13,0,9
794,"Ray Emery",PHI,G,-107,29,9,2,0.903," "," "," "," "," "," "," "
795,"Joakim Nordstrom",CHI,C,-107,16," "," "," ",1,2,-2,2,26,0,7
796,"Patrice Cormier",WPG,C,-107,9," "," "," ",0,3,2,7,4,0,3
797,"Dustin Jeffrey",VAN,C,-107,33," "," "," ",2,2,-4,2,30,0,5
798,"Taylor Pyatt",PIT,LW,-107,56," "," "," ",4,1,-24,20,52,1,28
799,"Andy Miele",DET,C,-107,7," "," "," ",0,2,4,5,6,0,2
800,"Jim Slater",WPG,C,-107,27," "," "," ",1,1,-5,8,24,0,7
801,"Rickard Rakell",ANA,C,-107,18," "," "," ",0,4,-3,2,22,0,4
802,"Matt Halischuk",WPG,RW,-108,46," "," "," ",5,5,-3,6,56,0,27
803,"Jesse Joensuu",EDM,LW,-108,42," "," "," ",3,2,-16,16,41,1,18
804,"Cory Emmerton",DET,C,-108,18," "," "," ",0,2,-2,4,22,0,5
805,"Jeremy Welsh",STL,C/LW,-109,19," "," "," ",1,0,-1,6,13,0,8
806,"Dustin Tokarski",MTL,G,-109,4,2,1,0.946," "," "," "," "," "," "," "
807,"Mikhail Grigorenko",BUF,C,-109,18," "," "," ",2,1,-3,2,20,0,5
808,"Johan Sundstrom",NYI,C,-109,11," "," "," ",0,1,0,6,13,0,2
809,"Markus Granlund",CGY,C,-110,7," "," "," ",2,1,2,0,9,0,1
810,"Raffi Torres",SJS,LW,-110,5," "," "," ",3,2,4,7,9,0,2
811,"Ben Street",COL,C,-110,13," "," "," ",0,1,-2,4,17,0,6
812,"Chris VandeVelde",PHI,C,-110,18," "," "," ",0,1,-3,6,8,1,6
813,"Jordan Caron",BOS,RW,-110,35," "," "," ",1,2,-8,36,52,0,9
814,"Luke Adam",BUF,C,-110,12," "," "," ",1,0,0,4,16,0,1
815,"Kellan Lain",VAN,LW,-110,9," "," "," ",1,0,1,21,7,0,1
816,"Matt Frattin",CBJ,RW,-110,44," "," "," ",2,5,-4,11,61,1,11
817,"Michael Chaput",CBJ,C,-110,17," "," "," ",0,1,0,2,6,0,10
818,"Louis Leblanc",ANA,C,-110,8," "," "," ",0,0,1,4,7,0,7
819,"Philip Varone",BUF,C,-111,9," "," "," ",1,1,-3,4,15,0,2
820,"Max Reinhart",CGY,C,-111,8," "," "," ",0,2,1,2,7,0,0
821,"Beau Bennett",PIT,LW/RW,-111,20," "," "," ",3,4,-3,0,25,0,6
822,"Simon Moser",NSH,C,-111,6," "," "," ",1,1,0,2,7,0,1
823,"Kris Newbury",WSH,C,-111,4," "," "," ",0,1,0,7,1,0,0
824,"Tye McGinn",PHI,LW,-112,18," "," "," ",4,1,-1,4,16,0,7
825,"Harrison Zolnierczyk",PIT,LW,-112,13," "," "," ",2,0,0,12,12,0,5
826,"Mark Stone",OTT,RW,-112,19," "," "," ",4,4,5,4,36,1,7
827,"Travis Morin",DAL,C,-112,4," "," "," ",0,1,2,0,4,0,1
828,"Dana Tyrell",CBJ,C/LW,-113,7," "," "," ",0,0,0,4,4,0,3
829,"Sean Collins",CBJ,C,-113,6," "," "," ",0,1,1,0,6,0,1
830,"Paul Carey",COL,C,-113,12," "," "," ",0,0,2,0,6,0,2
831,"Cedric Paquette",TBL,C,-113,2," "," "," ",0,1,1,0,1,0,4
832,"John McCarthy",SJS,LW,-113,36," "," "," ",1,1,-11,4,49,0,17
833,"Jayson Megna",PIT,RW,-113,36," "," "," ",5,4,1,6,36,0,13
834,"Devante Smith-Pelly",ANA,RW,-113,19," "," "," ",2,8,5,2,23,0,13
835,"Lane MacDermid",CGY,LW,-114,7," "," "," ",0,2,1,12,1,0,3
836,"Marek Mazanec",NSH,G,-114,26,8,2,0.902," "," "," "," "," "," "," "
837,"Tyler Pitlick",EDM,C/RW,-114,11," "," "," ",1,0,-2,0,9,0,4
838,"Cody Bass",CHI,C,-114,1," "," "," ",0,0,0,5,0,0,0
839,"David Steckel",ANA,C,-114,6," "," "," ",0,0,0,0,8,0,3
840,"Vladislav Namestnikov",TBL,C,-114,4," "," "," ",0,0,-1,4,4,0,1
841,"Zach Boychuk",CAR,LW/RW,-114,11," "," "," ",1,3,2,0,15,0,2
842,"Corban Knight",CGY,C,-114,7," "," "," ",1,0,-1,0,4,0,4
843,"Nicolas Deslauriers",BUF,LW,-114,17," "," "," ",1,0,-10,18,30,0,3
844,"Andrew Ebbett",PIT,C,-114,9," "," "," ",0,1,-4,0,9,0,7
845,"Landon Ferraro",DET,C,-114,4," "," "," ",0,0,0,2,2,0,2
846,"Anton Lander",EDM,C,-114,27," "," "," ",0,1,-10,4,18,0,8
847,"Adam Payerl",PIT,C,-114,2," "," "," ",0,0,-1,2,4,0,2
848,"Matt Carey",CHI,C,-114,2," "," "," ",1,0,-1,2,1,0,0
849,"Brett Gallant",NYI,LW,-115,4," "," "," ",0,0,0,17,3,0,0
850,"Chris Mueller",NYR,C,-115,9," "," "," ",0,0,-2,0,8,0,4
851,"Gilbert Brule",ARI,C,-115,3," "," "," ",0,0,-1,2,3,0,1
852,"Nick Drazenovic",PIT,C,-115,1," "," "," ",0,0,-1,2,3,0,0
853,"Freddie Hamilton",SJS,C,-115,11," "," "," ",0,0,-5,2,13,0,3
854,"Michal Bournival",MTL,LW,-115,5," "," "," ",1,1,4,0,11,0,3
855,"John Albert",WPG,C,-115,9," "," "," ",1,0,-3,0,5,0,3
856,"Brett Sutter",CAR,LW,-115,16," "," "," ",1,1,-3,9,15,0,2
857,"Chuck Kobasew",PIT,RW,-116,32," "," "," ",2,0,1,15,35,0,18
858,"Peter Leblanc",WSH,C,-116,1," "," "," ",0,0,0,0,0,0,1
859,"Joonas Nattinen",MTL,C,-116,1," "," "," ",0,0,0,0,0,0,1
860,"Pierre-Cedric Labrie",TBL,LW,-116,13," "," "," ",0,0,-4,20,2,0,2
861,"Martin St Pierre",MTL,C,-116,1," "," "," ",0,0,0,0,0,0,1
862,"Greg Mckegg",TOR,C,-116,1," "," "," ",0,0,0,0,1,0,0
863,"Gabriel Dumont",MTL,C,-116,2," "," "," ",0,0,0,0,1,0,0
864,"Kevin Porter",DET,C,-116,12," "," "," ",0,1,-5,2,3,0,4
865,"Pierre-Marc Bouchard",CHI,RW,-116,28," "," "," ",4,5,-9,12,51,0,6
866,"Mark Van Guilder",NSH,C,-116,1," "," "," ",0,0,0,0,0,0,0
867,"Matt Lindblad",BOS,C,-116,2," "," "," ",0,0,0,0,0,0,0
868,"Brad Mills",CHI,C,-116,3," "," "," ",0,0,-1,0,2,0,1
869,"Ryan Stoa",WSH,C,-116,3," "," "," ",0,0,-1,0,2,0,1
870,"Linus Omark",BUF,LW,-116,14," "," "," ",0,2,-6,6,10,2,3
871,"Jake Dowell",MIN,C,-116,1," "," "," ",0,0,-1,0,1,0,0
872,"Chris Terry",CAR,LW,-116,10," "," "," ",0,2,-4,0,13,2,6
873,"Bill Arnold",CGY,C,-116,1," "," "," ",0,0,-1,0,0,0,0
874,"Ryan Craig",CBJ,C,-117,6," "," "," ",0,0,-3,0,4,0,1
875,"Carter Ashton",TOR,RW,-117,32," "," "," ",0,3,1,19,23,0,7
876,"Darroll Powe",NYR,C/RW,-117,1," "," "," ",0,0,-2,0,0,0,0
877,"John Persson",NYI,LW,-117,10," "," "," ",1,0,-4,6,16,0,6
878,"David Broll",TOR,LW,-118,5," "," "," ",0,1,1,5,3,0,2
879,"Rostislav Olesz",NJD,LW,-118,10," "," "," ",0,2,-1,0,9,1,1
880,"Cam Janssen",NJD,RW,-118,24," "," "," ",3,0,3,22,11,0,3
881,"Brandon Mashinter",NYR,LW,-118,6," "," "," ",0,0,-1,10,3,0,1
882,"Chris Porter",STL,LW,-118,22," "," "," ",0,1,-3,0,24,0,3
883,"Michael Zalewski",VAN,LW,-118,2," "," "," ",0,1,2,0,2,1,0
884,"Patrick Eaves",NSH,RW,-118,30," "," "," ",2,3,-7,2,53,3,5
885,"Taylor Beck",NSH,LW,-119,7," "," "," ",0,0,-2,6,9,0,5
886,"Ben Eager",EDM,LW,-119,7," "," "," ",0,1,1,2,4,0,2
887,"Kenny Agostino",CGY,LW,-119,8," "," "," ",1,1,-2,0,12,0,3
888,"Justin Florek",BOS,LW,-119,4," "," "," ",1,1,1,0,5,0,0
889,"Carl Klingberg",WPG,LW,-120,3," "," "," ",1,0,2,0,3,0,1
890,"Josh Leivo",TOR,LW,-120,7," "," "," ",1,1,0,0,4,0,0
891,"Mattias Tedenby",NJD,LW,-120,15," "," "," ",1,0,-8,10,9,0,2
892,"Bryce Van Brabant",CGY,LW,-121,6," "," "," ",0,0,-1,2,4,0,4
893,"Johnny Gaudreau",CGY,LW,-121,1," "," "," ",1,0,1,0,1,0,0
894,"Teemu Pulkkinen",DET,LW,-121,3," "," "," ",0,0,0,2,4,0,0
895,"Roman Horak",EDM,LW,-121,3," "," "," ",1,0,-1,0,2,0,4
896,"Michael Hutchinson",WPG,G,-121,4,2,0,0.943," "," "," "," "," "," "," "
897,"Alexander Khokhlachev",BOS,LW,-121,1," "," "," ",0,0,0,2,2,0,0
898,"David Van Der Gulik",COL,LW,-122,2," "," "," ",0,0,0,0,3,0,2
899,"Jordan Szwarz",ARI,RW,-122,26," "," "," ",3,0,-6,19,25,0,7
900,"Mikael Samuelsson",DET,RW,-122,26," "," "," ",1,2,-4,6,36,2,3
901,"Craig Cunningham",BOS,LW,-122,2," "," "," ",0,0,0,0,4,0,0
902,"Teuvo Teravainen",CHI,LW,-122,3," "," "," ",0,0,0,0,4,0,0
903,"Jack Skille",CBJ,RW,-122,16," "," "," ",4,0,2,6,23,0,6
904,"Garrett Wilson",FLA,LW,-122,3," "," "," ",0,0,-1,0,4,0,2
905,"Pascal Pelletier",VAN,LW,-122,3," "," "," ",0,0,0,0,1,0,1
906,"Lucas Lessio",ARI,LW,-122,3," "," "," ",0,0,-2,2,4,0,0
907,"Christian Thomas",MTL,LW,-123,2," "," "," ",0,0,-1,0,1,0,1
908,"Nicolas Deschamps",WSH,LW,-123,3," "," "," ",0,0,-1,0,2,0,0
909,"Jamie Devane",TOR,LW,-123,2," "," "," ",0,0,-1,0,1,0,0
910,"Jhonas Enroth",BUF,G,-123,29,4,0,0.911," "," "," "," "," "," "," "
911,"Spencer Abbott",TOR,LW,-124,1," "," "," ",0,0,-2,0,2,0,0
912,"Ryan Hamilton",EDM,LW,-124,2," "," "," ",0,0,-2,0,0,0,1
913,"Antti Raanta",CHI,G,-124,26,13,1,0.897," "," "," "," "," "," "," "
914,"Kristers Gudlevskis",TBL,G,-125,2,1,0,0.947," "," "," "," "," "," "," "
915,"Niklas Svedberg",BOS,G,-125,2,1,0,0.943," "," "," "," "," "," "," "
916,"John Curry",MIN,G,-125,3,1,0,0.93," "," "," "," "," "," "," "
917,"Matt Fraser",BOS,RW,-126,14," "," "," ",2,0,0,10,13,0,5
918,"Chris Conner",PIT,RW,-126,19," "," "," ",4,1,-3,2,17,0,10
919,"Casey Wellman",WSH,RW,-126,13," "," "," ",2,1,3,0,15,0,5
920,"Steven Pinizzotto",EDM,RW,-127,6," "," "," ",0,2,-1,15,2,0,1
921,"Linden Vey",LAK,RW,-127,18," "," "," ",0,5,0,0,8,1,1
922,"Dmitrij Jaskin",STL,RW,-127,18," "," "," ",1,1,-3,8,18,0,5
923,"Darren Archibald",VAN,RW,-128,16," "," "," ",1,2,1,0,11,0,9
924,"Adam Cracknell",STL,RW,-128,19," "," "," ",0,2,0,0,16,0,8
925,"Andrew Hammond",OTT,G,-129,1,0,0,1," "," "," "," "," "," "," "
926,"Drew MacIntyre",CAR,G,-129,3,0,0,0.922," "," "," "," "," "," "," "
927,"Richard Bachman",EDM,G,-129,3,0,0,0.916," "," "," "," "," "," "," "
928,"Eriah Hayes",SJS,RW,-129,15," "," "," ",1,0,-2,2,17,0,10
929,"Jerry D'amigo",TOR,RW,-130,22," "," "," ",1,2,-1,0,12,0,4
930,"Joey Crabb",FLA,RW,-130,9," "," "," ",0,1,-2,7,5,0,5
931,"Mike Sislo",NJD,RW,-131,14," "," "," ",0,0,-1,0,20,0,4
932,"Ben Hanowski",CGY,RW,-132,11," "," "," ",0,2,-2,2,10,0,1
933,"Adam Burish",SJS,RW,-132,15," "," "," ",0,0,-4,6,9,0,9
934,"Jordin Tootoo",DET,RW,-132,11," "," "," ",0,1,-3,5,11,0,1
935,"Bobby Butler",FLA,RW,-132,2," "," "," ",0,1,1,2,5,0,0
936,"Arron Asham",NYR,RW,-132,6," "," "," ",0,0,-5,14,1,0,1
937,"Jerred Smithson",TOR,RW,-132,18," "," "," ",0,0,-5,9,2,0,9
938,"Justin Johnson",NYI,RW,-133,2," "," "," ",0,0,-1,7,0,0,0
939,"Jason Akeson",PHI,RW,-133,1," "," "," ",0,1,1,0,2,0,0
940,"Mike Blunden",MTL,RW,-134,7," "," "," ",0,0,-2,5,2,0,3
941,"Brett Connolly",TBL,RW,-134,11," "," "," ",1,0,-5,4,12,0,1
942,"Patrick Kaleta",BUF,RW,-134,5," "," "," ",0,0,-1,5,0,0,1
943,"Brett Bulmer",MIN,RW,-134,5," "," "," ",0,0,-2,2,7,0,2
944,"Patrick Holland",MTL,RW,-134,5," "," "," ",0,0,0,0,2,0,4
945,"Cody Kunyk",TBL,RW,-135,1," "," "," ",0,0,0,0,2,0,1
946,"Jesper Fast",NYR,RW,-135,11," "," "," ",0,0,-5,2,7,0,7
947,"Carson McMillan",MIN,RW,-135,1," "," "," ",0,0,0,0,0,0,2
948,"Brandon Yip",ARI,RW,-135,2," "," "," ",0,0,0,0,1,0,1
949,"Pierre-Luc Letourneau-Leblond",PIT,RW,-135,1," "," "," ",0,0,0,0,1,0,1
950,"Nick Johnson",BOS,RW,-135,9," "," "," ",0,0,-4,0,10,0,5
951,"Mitch Callahan",DET,RW,-135,1," "," "," ",0,0,0,0,0,0,0
952,"Joe Whitney",NJD,RW,-135,1," "," "," ",0,0,0,0,0,0,0
953,"Benn Ferriero",VAN,RW,-135,2," "," "," ",0,0,0,0,0,0,0
954,"Aaron Palushaj",CAR,RW,-136,2," "," "," ",0,0,-1,0,2,0,0
955,"Ty Rattie",STL,RW,-136,2," "," "," ",0,0,-2,0,4,0,0
956,"Keith Aucoin",STL,RW,-137,2," "," "," ",0,0,-3,0,1,0,0
957,"Cam Ward",CAR,G,-137,29,10,0,0.9," "," "," "," "," "," "," "
958,"Devan Dubnyk",ARI,G,-139,33,11,2,0.891," "," "," "," "," "," "," "
959,"Matt Hackett",BUF,G,-144,9,1,0,0.908," "," "," "," "," "," "," "
960,"Viktor Fasth",EDM,G,-146,12,5,0,0.903," "," "," "," "," "," "," "
961,"Anders Lindback",DAL,G,-150,23,8,2,0.891," "," "," "," "," "," "," "
962,"Nathan Lieuwen",BUF,G,-151,7,1,0,0.906," "," "," "," "," "," "," "
963,"Mark Visentin",ARI,G,-155,2,0,0,0.906," "," "," "," "," "," "," "
964,"Mike McKenna",ARI,G,-158,5,1,0,0.904," "," "," "," "," "," "," "
965,"Anders Nilsson",NYI,G,-158,20,8,0,0.896," "," "," "," "," "," "," "
966,"Niklas Backstrom",MIN,G,-159,21,5,0,0.899," "," "," "," "," "," "," "
967,"Kevin Poulin",NYI,G,-164,29,11,0,0.891," "," "," "," "," "," "," "
968,"Reto Berra",COL,G,-164,31,9,0,0.893," "," "," "," "," "," "," "
969,"Scott Clemmensen",NJD,G,-166,17,6,0,0.896," "," "," "," "," "," "," "
970,"Joey MacDonald",MTL,G,-189,12,5,0,0.89," "," "," "," "," "," "," "
971,"Joni Ortio",CGY,G,-190,10,4,0,0.891," "," "," "," "," "," "," "
972,"Dan Ellis",FLA,G,-214,21,5,1,0.879," "," "," "," "," "," "," "
973,"Jacob Markstrom",VAN,G,-257,17,2,0,0.873," "," "," "," "," "," "," "
974,"Connor Knapp",BUF,G,-258,2,0,0,0.875," "," "," "," "," "," "," "
975,"Jack Campbell",DAL,G,-268,2,0,0,0.872," "," "," "," "," "," "," "
976,"Jason LaBarbera",ANA,G,-271,8,1,0,0.87," "," "," "," "," "," "," "
977,"Calvin Heeter",PHI,G,-281,2,0,0,0.868," "," "," "," "," "," "," "
978,"Cedrick Desjardins",NYR,G,-355,2,0,0,0.846," "," "," "," "," "," "," "
979,"Sami Aittokallio",COL,G,-398,2,0,0,0.833," "," "," "," "," "," "," "
980,"Cristopher Nilstorp",DAL,G,-428,2,0,0,0.824," "," "," "," "," "," "," "
981,"Nikolai Khabibulin",CHI,G,-467,5,1,0,0.811," "," "," "," "," "," "," "
982,"Joacim Eriksson",VAN,G,-488,2,0,0,0.806," "," "," "," "," "," "," "
983,"Nathan Lawson",OTT,G,-508,2,0,0,0.8," "," "," "," "," "," "," "
984,"Martin Biron",NYR,G,-631,3,0,0,0.763," "," "," "," "," "," "," "
985,"Magnus Hellberg",NSH,G,-674,2,0,0,0.75," "," "," "," "," "," "," "
986,"Kent Simpson",CHI,G,-794,2,0,0,0.714," "," "," "," "," "," "," "
987,"Jeff Tyni",STL,G,"-3,170",1,0,0,0," "," "," "," "," "," "," "
988,"Ryan Vinz",BUF,G,"-3,170",1,0,0,0," "," "," "," "," "," "," "
989,"Rob Laurie",MIN,G,"-3,170",1,0,0,0," "," "," "," "," "," "," "
990,"Jeremy Smith",BOS,G,"-3,170",1,0,0,0," "," "," "," "," "," "," "
991,"Brett Leonhardt",WSH,G,"-3,170",1,0,0,0," "," "," "," "," "," "," "
992,"Johan Gustafsson",MIN,G,"-3,170",1,0,0,0," "," "," "," "," "," "," "
993,"Mike Murphy",CAR,G,"-3,170",1,0,0,0," "," "," "," "," "," "," "
994,"Jason Missiaen",NYR,G,"-3,170",1,0,0,0," "," "," "," "," "," "," "
995,"Jake Allen",STL,G,"-3,170",1,0,0,0," "," "," "," "," "," "," "
996,"Keith Kinkaid",NJD,G,"-3,170",1,0,0,0," "," "," "," "," "," "," "
997,"David LeNeveu",NYR,G,"-3,170",1,0,0,0," "," "," "," "," "," "," "
998,"Andrey Makarov",BUF,G,"-3,170",1,0,0,0," "," "," "," "," "," "," "
999,"Laurent Brossoit",EDM,G,"-3,170",1,0,0,0," "," "," "," "," "," "," "
1000,"Kurtis Mucha",EDM,G,"-3,170",1,0,0,0," "," "," "," "," "," "," "
1001,"Pat Conacher",VAN,G,"-3,170",1,0,0,0," "," "," "," "," "," "," "
